match_id,first_innings,second_innings,inning_3,inning_4,inning_5,inning_6,season,venue,toss_decision,winner
2008_01,222.0,82.0,,,,,2008,M Chinnaswamy Stadium,field,KKR
2008_02,129.0,132.0,,,,,2008,Arun Jaitley Stadium,bat,DD
2008_03,240.0,207.0,,,,,2008,PCA IS Bindra Stadium,bat,CSK
2008_04,165.0,166.0,,,,,2008,Wankhede Stadium,bat,RCB
2008_05,110.0,112.0,,,,,2008,Eden Gardens,bat,KKR
2008_06,166.0,168.0,,,,,2008,Sawai Mansingh Stadium,bat,RR
2008_07,142.0,143.0,,,,,2008,Rajiv Gandhi Intl. Stadium,bat,DD
2008_08,208.0,202.0,,,,,2008,MA Chidambaram Stadium,field,CSK
2008_09,214.0,217.0,,,,,2008,Rajiv Gandhi Intl. Stadium,field,RR
2008_10,182.0,116.0,,,,,2008,PCA IS Bindra Stadium,field,KXIP
2008_11,147.0,152.0,,,,,2008,MA Chidambaram Stadium,bat,CSK
2008_12,135.0,138.0,,,,,2008,M Chinnaswamy Stadium,field,RR
2008_13,154.0,155.0,,,,,2008,Dr DY Patil Sports Academy,field,SRH
2008_14,158.0,162.0,,,,,2008,PCA IS Bindra Stadium,bat,KXIP
2008_15,178.0,165.0,,,,,2008,M Chinnaswamy Stadium,bat,CSK
2008_16,137.0,138.0,,,,,2008,Eden Gardens,bat,MI
2008_17,191.0,181.0,,,,,2008,Arun Jaitley Stadium,field,DD
2008_18,164.0,167.0,,,,,2008,Rajiv Gandhi Intl. Stadium,field,KXIP
2008_19,196.0,151.0,,,,,2008,Sawai Mansingh Stadium,bat,RR
2008_20,169.0,172.0,,,,,2008,MA Chidambaram Stadium,bat,DD
2008_21,156.0,153.0,,,,,2008,M Chinnaswamy Stadium,field,RCB
2008_22,178.0,169.0,,,,,2008,PCA IS Bindra Stadium,bat,KXIP
2008_23,162.0,133.0,,,,,2008,Dr DY Patil Sports Academy,field,MI
2008_24,109.0,110.0,,,,,2008,Sawai Mansingh Stadium,bat,RR
2008_25,126.0,127.0,,,,,2008,M Chinnaswamy Stadium,field,KXIP
2008_26,144.0,148.0,,,,,2008,MA Chidambaram Stadium,field,SRH
2008_27,103.0,104.0,,,,,2008,Dr DY Patil Sports Academy,field,MI
2008_28,129.0,124.0,,,,,2008,Eden Gardens,bat,KKR
2008_29,187.0,188.0,,,,,2008,Arun Jaitley Stadium,field,CSK
2008_30,140.0,141.0,,,,,2008,Sawai Mansingh Stadium,field,RR
2008_31,181.0,163.0,,,,,2008,MA Chidambaram Stadium,field,CSK
2008_32,204.0,181.0,,,,,2008,Rajiv Gandhi Intl. Stadium,bat,KKR
2008_33,156.0,159.0,,,,,2008,Sawai Mansingh Stadium,field,RR
2008_34,143.0,144.0,,,,,2008,PCA IS Bindra Stadium,bat,KXIP
2008_35,133.0,110.0,,,,,2008,Eden Gardens,bat,KKR
2008_36,156.0,158.0,,,,,2008,Wankhede Stadium,field,MI
2008_37,194.0,182.0,,,,,2008,Arun Jaitley Stadium,field,DD
2008_38,67.0,68.0,,,,,2008,Wankhede Stadium,field,MI
2008_39,118.0,94.0,,,,,2008,Arun Jaitley Stadium,bat,KXIP
2008_40,197.0,132.0,,,,,2008,Sawai Mansingh Stadium,field,RR
2008_41,149.0,55.0,,,,,2008,Eden Gardens,bat,CSK
2008_42,178.0,153.0,,,,,2008,Rajiv Gandhi Intl. Stadium,field,MI
2008_43,154.0,158.0,,,,,2008,M Chinnaswamy Stadium,field,DD
2008_44,147.0,150.0,,,,,2008,Eden Gardens,field,RR
2008_45,189.0,188.0,,,,,2008,Wankhede Stadium,field,KXIP
2008_46,126.0,112.0,,,,,2008,MA Chidambaram Stadium,bat,RCB
2008_47,175.0,178.0,,,,,2008,PCA IS Bindra Stadium,field,KXIP
2008_48,176.0,179.0,,,,,2008,Arun Jaitley Stadium,field,DD
2008_49,211.0,201.0,,,,,2008,MA Chidambaram Stadium,bat,RR
2008_50,165.0,171.0,,,,,2008,Rajiv Gandhi Intl. Stadium,bat,RCB
2008_51,174.0,175.0,,,,,2008,Eden Gardens,bat,KKR
2008_52,145.0,146.0,,,,,2008,Sawai Mansingh Stadium,field,RR
2008_53,147.0,148.0,,,,,2008,Rajiv Gandhi Intl. Stadium,bat,CSK
2008_54,221.0,180.0,,,,,2008,PCA IS Bindra Stadium,field,KXIP
2008_55,122.0,126.0,,,,,2008,M Chinnaswamy Stadium,field,MI
2008_56,192.0,87.0,,,,,2008,Wankhede Stadium,field,RR
2008_57,112.0,116.0,,,,,2008,Wankhede Stadium,bat,CSK
2008_58,163.0,164.0,,,,,2008,Dr DY Patil Sports Academy,field,RR
2009_01,165.0,146.0,,,,,2009,Newlands,field,MI
2009_02,133.0,58.0,,,,,2009,Newlands,bat,RCB
2009_03,104.0,58.0,,,,,2009,Newlands,field,DD
2009_04,101.0,104.0,,,,,2009,Newlands,bat,SRH
2009_05,179.0,87.0,,,,,2009,St George's Park,bat,CSK
2009_06,158.0,79.0,,,,,2009,Kingsmead,field,KKR
2009_07,184.0,160.0,,,,,2009,Newlands,bat,SRH
2009_08,150.0,150.0,15.0,18.0,,,2009,Newlands,field,
2009_09,189.0,180.0,,,,,2009,Kingsmead,bat,DD
2009_10,168.0,173.0,,,,,2009,Kingsmead,bat,KXIP
2009_11,168.0,156.0,,,,,2009,Kingsmead,bat,SRH
2009_12,149.0,150.0,,,,,2009,St George's Park,bat,DD
2009_13,139.0,112.0,,,,,2009,Newlands,bat,KXIP
2009_14,187.0,95.0,,,,,2009,St George's Park,bat,MI
2009_15,165.0,169.0,,,,,2009,Kingsmead,field,SRH
2009_16,143.0,147.0,,,,,2009,SuperSport Park,bat,RR
2009_17,119.0,116.0,,,,,2009,Kingsmead,bat,KXIP
2009_18,139.0,143.0,,,,,2009,Kingsmead,bat,RCB
2009_19,148.0,150.0,,,,,2009,SuperSport Park,field,DD
2009_20,164.0,126.0,,,,,2009,SuperSport Park,field,CSK
2009_21,145.0,137.0,,,,,2009,Kingsmead,bat,RCB
2009_22,148.0,139.0,,,,,2009,Buffalo Park,bat,MI
2009_23,163.0,145.0,,,,,2009,New Wanderers Stadium,field,CSK
2009_24,141.0,142.0,,,,,2009,St George's Park,bat,RR
2009_25,153.0,154.0,,,,,2009,St George's Park,bat,KXIP
2009_26,149.0,150.0,,,,,2009,New Wanderers Stadium,bat,RCB
2009_27,178.0,100.0,,,,,2009,Buffalo Park,bat,CSK
2009_28,211.0,133.0,,,,,2009,Kingsmead,field,RR
2009_29,154.0,157.0,,,,,2009,Kingsmead,bat,DD
2009_30,145.0,126.0,,,,,2009,SuperSport Park,bat,SRH
2009_31,105.0,107.0,,,,,2009,SuperSport Park,field,RR
2009_32,185.0,174.0,,,,,2009,SuperSport Park,bat,CSK
2009_33,116.0,118.0,,,,,2009,Buffalo Park,bat,DD
2009_34,140.0,141.0,,,,,2009,De Beers Diamond Oval,bat,CSK
2009_35,168.0,169.0,,,,,2009,De Beers Diamond Oval,field,KXIP
2009_36,123.0,125.0,,,,,2009,New Wanderers Stadium,field,DD
2009_37,157.0,141.0,,,,,2009,St George's Park,bat,MI
2009_38,166.0,113.0,,,,,2009,De Beers Diamond Oval,bat,SRH
2009_39,173.0,176.0,,,,,2009,SuperSport Park,field,RCB
2009_40,119.0,122.0,,,,,2009,SuperSport Park,bat,MI
2009_41,173.0,161.0,,,,,2009,Kingsmead,field,DD
2009_42,129.0,132.0,,,,,2009,Kingsmead,bat,RCB
2009_43,145.0,143.0,,,,,2009,Kingsmead,bat,RR
2009_44,120.0,123.0,,,,,2009,OUTsurance Oval,field,KXIP
2009_45,147.0,151.0,,,,,2009,St George's Park,bat,CSK
2009_46,160.0,166.0,,,,,2009,New Wanderers Stadium,field,SRH
2009_47,150.0,136.0,,,,,2009,OUTsurance Oval,bat,DD
2009_48,134.0,133.0,,,,,2009,New Wanderers Stadium,field,KXIP
2009_49,188.0,189.0,,,,,2009,SuperSport Park,bat,KKR
2009_50,134.0,135.0,,,,,2009,New Wanderers Stadium,bat,RCB
2009_51,101.0,102.0,,,,,2009,Kingsmead,field,KKR
2009_52,116.0,92.0,,,,,2009,Kingsmead,bat,CSK
2009_53,170.0,158.0,,,,,2009,SuperSport Park,bat,RCB
2009_54,165.0,166.0,,,,,2009,SuperSport Park,field,DD
2009_55,153.0,154.0,,,,,2009,SuperSport Park,field,SRH
2009_56,146.0,149.0,,,,,2009,New Wanderers Stadium,field,RCB
2009_57,143.0,137.0,,,,,2009,New Wanderers Stadium,field,SRH
2010_01,161.0,150.0,,,,,2010,Dr DY Patil Sports Academy,field,KKR
2010_02,212.0,208.0,,,,,2010,Brabourne Stadium,bat,MI
2010_03,142.0,146.0,,,,,2010,PCA IS Bindra Stadium,field,DD
2010_04,190.0,159.0,,,,,2010,MA Chidambaram Stadium,bat,SRH
2010_05,135.0,136.0,,,,,2010,Eden Gardens,field,KKR
2010_06,141.0,142.0,,,,,2010,Narendra Modi Stadium,field,DD
2010_07,164.0,109.0,,,,,2010,Eden Gardens,bat,CSK
2010_08,203.0,204.0,,,,,2010,M Chinnaswamy Stadium,bat,RCB
2010_09,218.0,120.0,,,,,2010,Arun Jaitley Stadium,field,MI
2010_10,92.0,93.0,,,,,2010,M Chinnaswamy Stadium,field,RCB
2010_11,170.0,164.0,,,,,2010,Barabati Stadium,field,SRH
2010_12,185.0,190.0,,,,,2010,Arun Jaitley Stadium,bat,CSK
2010_13,151.0,155.0,,,,,2010,Brabourne Stadium,bat,RCB
2010_14,168.0,134.0,,,,,2010,Narendra Modi Stadium,bat,RR
2010_15,171.0,161.0,,,,,2010,Barabati Stadium,bat,SRH
2010_16,136.0,136.0,9.0,10.0,,,2010,MA Chidambaram Stadium,field,
2010_17,155.0,156.0,,,,,2010,Brabourne Stadium,bat,MI
2010_18,171.0,135.0,,,,,2010,M Chinnaswamy Stadium,field,RCB
2010_19,183.0,152.0,,,,,2010,PCA IS Bindra Stadium,field,RR
2010_20,180.0,181.0,,,,,2010,Brabourne Stadium,field,MI
2010_21,183.0,166.0,,,,,2010,M Chinnaswamy Stadium,field,DD
2010_22,148.0,151.0,,,,,2010,Narendra Modi Stadium,bat,RR
2010_23,183.0,144.0,,,,,2010,PCA IS Bindra Stadium,bat,KKR
2010_24,172.0,131.0,,,,,2010,Dr DY Patil Sports Academy,field,MI
2010_25,177.0,160.0,,,,,2010,Narendra Modi Stadium,bat,RR
2010_26,177.0,137.0,,,,,2010,Arun Jaitley Stadium,bat,DD
2010_27,163.0,164.0,,,,,2010,Brabourne Stadium,field,MI
2010_28,161.0,162.0,,,,,2010,MA Chidambaram Stadium,bat,CSK
2010_29,188.0,121.0,,,,,2010,Arun Jaitley Stadium,bat,DD
2010_30,181.0,157.0,,,,,2010,Eden Gardens,bat,KKR
2010_31,181.0,184.0,,,,,2010,PCA IS Bindra Stadium,bat,RCB
2010_32,246.0,223.0,,,,,2010,MA Chidambaram Stadium,bat,CSK
2010_33,178.0,115.0,,,,,2010,Brabourne Stadium,bat,MI
2010_34,184.0,147.0,,,,,2010,Arun Jaitley Stadium,bat,DD
2010_35,200.0,204.0,,,,,2010,Eden Gardens,bat,KXIP
2010_36,159.0,157.0,,,,,2010,VCA Stadium,bat,RR
2010_37,165.0,141.0,,,,,2010,MA Chidambaram Stadium,bat,CSK
2010_38,181.0,167.0,,,,,2010,Eden Gardens,bat,KKR
2010_39,153.0,157.0,,,,,2010,Sawai Mansingh Stadium,bat,RR
2010_40,184.0,186.0,,,,,2010,M Chinnaswamy Stadium,field,SRH
2010_41,154.0,158.0,,,,,2010,PCA IS Bindra Stadium,bat,KXIP
2010_42,138.0,139.0,,,,,2010,VCA Stadium,bat,SRH
2010_43,160.0,162.0,,,,,2010,M Chinnaswamy Stadium,field,RCB
2010_44,111.0,112.0,,,,,2010,Arun Jaitley Stadium,bat,KXIP
2010_45,174.0,137.0,,,,,2010,Sawai Mansingh Stadium,field,MI
2010_46,151.0,138.0,,,,,2010,VCA Stadium,field,SRH
2010_47,183.0,144.0,,,,,2010,Brabourne Stadium,bat,MI
2010_48,139.0,143.0,,,,,2010,MA Chidambaram Stadium,bat,CSK
2010_49,130.0,132.0,,,,,2010,Sawai Mansingh Stadium,bat,RCB
2010_50,112.0,113.0,,,,,2010,MA Chidambaram Stadium,bat,DD
2010_51,174.0,178.0,,,,,2010,HPCA Stadium,field,SRH
2010_52,191.0,134.0,,,,,2010,M Chinnaswamy Stadium,field,MI
2010_53,132.0,133.0,,,,,2010,Eden Gardens,bat,KKR
2010_54,145.0,134.0,,,,,2010,Arun Jaitley Stadium,bat,SRH
2010_55,192.0,195.0,,,,,2010,HPCA Stadium,field,CSK
2010_56,133.0,135.0,,,,,2010,Eden Gardens,bat,KKR
2010_57,184.0,149.0,,,,,2010,Dr DY Patil Sports Academy,bat,MI
2010_58,142.0,104.0,,,,,2010,Dr DY Patil Sports Academy,bat,CSK
2010_59,82.0,86.0,,,,,2010,Dr DY Patil Sports Academy,bat,RCB
2010_60,168.0,146.0,,,,,2010,Dr DY Patil Sports Academy,bat,CSK
2011_01,153.0,151.0,,,,,2011,MA Chidambaram Stadium,bat,CSK
2011_02,137.0,141.0,,,,,2011,Rajiv Gandhi Intl. Stadium,field,RR
2011_03,161.0,162.0,,,,,2011,Nehru Stadium,bat,RCB
2011_04,112.0,113.0,,,,,2011,Dr DY Patil Sports Academy,bat,PW
2011_05,95.0,99.0,,,,,2011,Arun Jaitley Stadium,bat,MI
2011_06,163.0,154.0,,,,,2011,Eden Gardens,bat,KKR
2011_07,140.0,143.0,,,,,2011,M Chinnaswamy Stadium,field,MI
2011_08,151.0,152.0,,,,,2011,Sawai Mansingh Stadium,bat,RR
2011_09,188.0,193.0,,,,,2011,PCA IS Bindra Stadium,field,KXIP
2011_10,148.0,151.0,,,,,2011,Dr DY Patil Sports Academy,bat,PW
2011_11,175.0,142.0,,,,,2011,Rajiv Gandhi Intl. Stadium,field,SRH
2011_12,159.0,160.0,,,,,2011,Sawai Mansingh Stadium,field,KKR
2011_13,182.0,184.0,,,,,2011,Wankhede Stadium,field,KTK
2011_14,165.0,166.0,,,,,2011,Rajiv Gandhi Intl. Stadium,field,KXIP
2011_15,183.0,162.0,,,,,2011,MA Chidambaram Stadium,bat,CSK
2011_16,81.0,85.0,,,,,2011,Eden Gardens,field,KKR
2011_17,187.0,190.0,,,,,2011,Dr DY Patil Sports Academy,field,DD
2011_18,131.0,135.0,,,,,2011,Nehru Stadium,field,KTK
2011_19,168.0,152.0,,,,,2011,Arun Jaitley Stadium,bat,SRH
2011_20,132.0,126.0,,,,,2011,Eden Gardens,field,KTK
2011_21,118.0,124.0,,,,,2011,Wankhede Stadium,bat,MI
2011_22,195.0,147.0,,,,,2011,PCA IS Bindra Stadium,field,KXIP
2011_23,171.0,175.0,,,,,2011,Eden Gardens,field,RCB
2011_24,164.0,156.0,,,,,2011,Wankhede Stadium,field,MI
2011_25,231.0,202.0,,,,,2011,Arun Jaitley Stadium,field,DD
2011_26,109.0,111.0,,,,,2011,Sawai Mansingh Stadium,field,RR
2011_27,172.0,135.0,,,,,2011,Rajiv Gandhi Intl. Stadium,field,MI
2011_28,142.0,117.0,,,,,2011,MA Chidambaram Stadium,field,CSK
2011_29,160.0,161.0,,,,,2011,Arun Jaitley Stadium,field,RCB
2011_30,129.0,74.0,,,,,2011,Nehru Stadium,field,SRH
2011_31,141.0,145.0,,,,,2011,Dr DY Patil Sports Academy,bat,CSK
2011_32,148.0,131.0,,,,,2011,Arun Jaitley Stadium,field,KKR
2011_33,181.0,155.0,,,,,2011,M Chinnaswamy Stadium,field,RCB
2011_34,94.0,95.0,,,,,2011,Sawai Mansingh Stadium,field,RR
2011_35,119.0,120.0,,,,,2011,Eden Gardens,field,KKR
2011_36,157.0,119.0,,,,,2011,Nehru Stadium,bat,DD
2011_37,165.0,146.0,,,,,2011,MA Chidambaram Stadium,bat,CSK
2011_38,143.0,144.0,,,,,2011,Sawai Mansingh Stadium,field,RR
2011_39,140.0,141.0,,,,,2011,Arun Jaitley Stadium,field,KTK
2011_40,159.0,136.0,,,,,2011,Wankhede Stadium,field,MI
2011_41,169.0,149.0,,,,,2011,Rajiv Gandhi Intl. Stadium,field,KKR
2011_42,147.0,149.0,,,,,2011,MA Chidambaram Stadium,bat,CSK
2011_43,160.0,139.0,,,,,2011,Dr DY Patil Sports Academy,field,MI
2011_44,156.0,139.0,,,,,2011,Nehru Stadium,field,KTK
2011_45,175.0,179.0,,,,,2011,Rajiv Gandhi Intl. Stadium,field,DD
2011_46,205.0,120.0,,,,,2011,M Chinnaswamy Stadium,field,RCB
2011_47,178.0,146.0,,,,,2011,Wankhede Stadium,field,MI
2011_48,114.0,61.0,,,,,2011,Eden Gardens,bat,KKR
2011_49,119.0,120.0,,,,,2011,PCA IS Bindra Stadium,bat,PW
2011_50,125.0,128.0,,,,,2011,M Chinnaswamy Stadium,bat,RCB
2011_51,196.0,133.0,,,,,2011,Sawai Mansingh Stadium,field,CSK
2011_52,136.0,137.0,,,,,2011,Rajiv Gandhi Intl. Stadium,bat,PW
2011_53,163.0,87.0,,,,,2011,PCA IS Bindra Stadium,field,KXIP
2011_54,146.0,151.0,,,,,2011,Sawai Mansingh Stadium,field,RCB
2011_55,176.0,158.0,,,,,2011,MA Chidambaram Stadium,bat,CSK
2011_56,178.0,181.0,,,,,2011,Holkar Cricket Stadium,field,KXIP
2011_57,89.0,105.0,,,,,2011,M Chinnaswamy Stadium,field,RCB
2011_58,135.0,125.0,,,,,2011,Wankhede Stadium,bat,SRH
2011_59,97.0,98.0,,,,,2011,Holkar Cricket Stadium,field,KTK
2011_60,170.0,141.0,,,,,2011,HPCA Stadium,field,KXIP
2011_61,136.0,138.0,,,,,2011,Dr DY Patil Sports Academy,field,SRH
2011_62,232.0,121.0,,,,,2011,HPCA Stadium,bat,KXIP
2011_63,152.0,141.0,,,,,2011,MA Chidambaram Stadium,bat,CSK
2011_64,118.0,119.0,,,,,2011,Dr DY Patil Sports Academy,field,KKR
2011_65,133.0,134.0,,,,,2011,Wankhede Stadium,bat,RR
2011_66,198.0,116.0,,,,,2011,HPCA Stadium,field,SRH
2011_67,56.0,,,,,,2011,Arun Jaitley Stadium,bat,
2011_68,128.0,129.0,,,,,2011,M Chinnaswamy Stadium,field,RCB
2011_69,175.0,178.0,,,,,2011,Eden Gardens,field,MI
2011_70,175.0,177.0,,,,,2011,Wankhede Stadium,field,CSK
2011_71,147.0,148.0,,,,,2011,Wankhede Stadium,field,MI
2011_72,185.0,142.0,,,,,2011,MA Chidambaram Stadium,field,RCB
2011_73,205.0,147.0,,,,,2011,MA Chidambaram Stadium,bat,CSK
2012_01,112.0,115.0,,,,,2012,MA Chidambaram Stadium,field,MI
2012_02,97.0,100.0,,,,,2012,Eden Gardens,field,DD
2012_03,191.0,160.0,,,,,2012,Sawai Mansingh Stadium,field,RR
2012_04,129.0,101.0,,,,,2012,Wankhede Stadium,field,PW
2012_05,193.0,119.0,,,,,2012,ACA-VDCA Stadium,field,CSK
2012_06,157.0,137.0,,,,,2012,M Chinnaswamy Stadium,field,RCB
2012_07,166.0,144.0,,,,,2012,Subrata Roy Sahara Stadium,bat,PW
2012_08,164.0,142.0,,,,,2012,Sawai Mansingh Stadium,field,RR
2012_09,138.0,142.0,,,,,2012,ACA-VDCA Stadium,bat,MI
2012_10,165.0,123.0,,,,,2012,M Chinnaswamy Stadium,field,KKR
2012_11,110.0,111.0,,,,,2012,Arun Jaitley Stadium,field,DD
2012_12,197.0,170.0,,,,,2012,Wankhede Stadium,field,MI
2012_13,115.0,116.0,,,,,2012,PCA IS Bindra Stadium,field,KXIP
2012_14,205.0,208.0,,,,,2012,MA Chidambaram Stadium,bat,CSK
2012_15,131.0,137.0,,,,,2012,Eden Gardens,bat,KKR
2012_16,155.0,156.0,,,,,2012,Subrata Roy Sahara Stadium,bat,PW
2012_17,195.0,136.0,,,,,2012,M Chinnaswamy Stadium,bat,RR
2012_18,134.0,132.0,,,,,2012,Eden Gardens,field,KXIP
2012_19,92.0,93.0,,,,,2012,Wankhede Stadium,field,DD
2012_20,182.0,186.0,,,,,2012,M Chinnaswamy Stadium,bat,RCB
2012_21,196.0,197.0,,,,,2012,Sawai Mansingh Stadium,bat,RR
2012_22,124.0,127.0,,,,,2012,PCA IS Bindra Stadium,bat,KKR
2012_23,157.0,162.0,,,,,2012,Arun Jaitley Stadium,bat,DD
2012_24,164.0,151.0,,,,,2012,MA Chidambaram Stadium,field,CSK
2012_25,163.0,166.0,,,,,2012,PCA IS Bindra Stadium,field,RCB
2012_26,192.0,172.0,,,,,2012,Arun Jaitley Stadium,field,PW
2012_27,146.0,147.0,,,,,2012,MA Chidambaram Stadium,bat,CSK
2012_28,163.0,164.0,,,,,2012,Wankhede Stadium,bat,KXIP
2012_29,126.0,127.0,,,,,2012,Barabati Stadium,field,KKR
2012_30,189.0,143.0,,,,,2012,Sawai Mansingh Stadium,field,RCB
2012_31,146.0,148.0,,,,,2012,Subrata Roy Sahara Stadium,bat,DD
2012_32,168.0,171.0,,,,,2012,PCA IS Bindra Stadium,bat,MI
2012_33,177.0,159.0,,,,,2012,Subrata Roy Sahara Stadium,bat,SRH
2012_34,207.0,170.0,,,,,2012,Arun Jaitley Stadium,field,DD
2012_35,190.0,143.0,,,,,2012,Eden Gardens,bat,KKR
2012_36,156.0,149.0,,,,,2012,MA Chidambaram Stadium,bat,KXIP
2012_37,100.0,101.0,,,,,2012,Wankhede Stadium,field,MI
2012_38,152.0,151.0,,,,,2012,Arun Jaitley Stadium,bat,DD
2012_39,139.0,140.0,,,,,2012,MA Chidambaram Stadium,bat,KKR
2012_40,186.0,173.0,,,,,2012,Barabati Stadium,bat,SRH
2012_41,141.0,144.0,,,,,2012,Sawai Mansingh Stadium,bat,DD
2012_42,158.0,163.0,,,,,2012,M Chinnaswamy Stadium,field,KXIP
2012_43,120.0,119.0,,,,,2012,Subrata Roy Sahara Stadium,bat,MI
2012_44,160.0,150.0,,,,,2012,MA Chidambaram Stadium,bat,CSK
2012_45,150.0,143.0,,,,,2012,Eden Gardens,bat,KKR
2012_46,177.0,134.0,,,,,2012,PCA IS Bindra Stadium,bat,RR
2012_47,181.0,185.0,,,,,2012,M Chinnaswamy Stadium,field,RCB
2012_48,173.0,174.0,,,,,2012,Wankhede Stadium,field,MI
2012_49,153.0,154.0,,,,,2012,Arun Jaitley Stadium,bat,KKR
2012_50,125.0,126.0,,,,,2012,Subrata Roy Sahara Stadium,bat,RR
2012_51,170.0,145.0,,,,,2012,Rajiv Gandhi Intl. Stadium,field,KXIP
2012_52,141.0,142.0,,,,,2012,Wankhede Stadium,field,RCB
2012_53,187.0,193.0,,,,,2012,Rajiv Gandhi Intl. Stadium,bat,DD
2012_54,126.0,127.0,,,,,2012,Sawai Mansingh Stadium,field,CSK
2012_55,173.0,138.0,,,,,2012,Subrata Roy Sahara Stadium,field,RCB
2012_56,182.0,155.0,,,,,2012,Eden Gardens,bat,MI
2012_57,114.0,115.0,,,,,2012,MA Chidambaram Stadium,field,CSK
2012_58,170.0,125.0,,,,,2012,Sawai Mansingh Stadium,bat,RR
2012_59,190.0,194.0,,,,,2012,PCA IS Bindra Stadium,bat,KXIP
2012_60,158.0,160.0,,,,,2012,Eden Gardens,field,CSK
2012_61,171.0,173.0,,,,,2012,M Chinnaswamy Stadium,field,MI
2012_62,136.0,140.0,,,,,2012,Arun Jaitley Stadium,bat,DD
2012_63,140.0,108.0,,,,,2012,Wankhede Stadium,field,KKR
2012_64,215.0,194.0,,,,,2012,Arun Jaitley Stadium,field,RCB
2012_65,120.0,123.0,,,,,2012,HPCA Stadium,field,KXIP
2012_66,126.0,128.0,,,,,2012,Rajiv Gandhi Intl. Stadium,bat,SRH
2012_67,141.0,145.0,,,,,2012,HPCA Stadium,field,DD
2012_68,136.0,102.0,,,,,2012,Subrata Roy Sahara Stadium,bat,KKR
2012_69,132.0,123.0,,,,,2012,Rajiv Gandhi Intl. Stadium,field,SRH
2012_70,162.0,163.0,,,,,2012,Sawai Mansingh Stadium,bat,MI
2012_71,162.0,144.0,,,,,2012,Subrata Roy Sahara Stadium,bat,KKR
2012_72,187.0,149.0,,,,,2012,M Chinnaswamy Stadium,field,CSK
2012_73,222.0,136.0,,,,,2012,MA Chidambaram Stadium,field,CSK
2012_74,190.0,192.0,,,,,2012,MA Chidambaram Stadium,bat,KKR
2013_01,128.0,129.0,,,,,2013,Eden Gardens,field,KKR
2013_02,156.0,154.0,,,,,2013,M Chinnaswamy Stadium,field,RCB
2013_03,126.0,104.0,,,,,2013,Rajiv Gandhi Intl. Stadium,field,SRH
2013_04,165.0,160.0,,,,,2013,Arun Jaitley Stadium,bat,RR
2013_05,148.0,139.0,,,,,2013,MA Chidambaram Stadium,bat,MI
2013_06,99.0,100.0,,,,,2013,Subrata Roy Sahara Stadium,bat,KXIP
2013_07,130.0,130.0,20.0,15.0,,,2013,Rajiv Gandhi Intl. Stadium,bat,
2013_08,144.0,125.0,,,,,2013,Sawai Mansingh Stadium,field,RR
2013_09,161.0,162.0,,,,,2013,M Chinnaswamy Stadium,bat,RCB
2013_10,209.0,165.0,,,,,2013,Wankhede Stadium,bat,MI
2013_11,138.0,139.0,,,,,2013,PCA IS Bindra Stadium,field,CSK
2013_12,145.0,148.0,,,,,2013,Subrata Roy Sahara Stadium,bat,PW
2013_13,154.0,158.0,,,,,2013,M Chinnaswamy Stadium,field,RCB
2013_14,114.0,115.0,,,,,2013,Arun Jaitley Stadium,bat,SRH
2013_15,183.0,142.0,,,,,2013,Wankhede Stadium,bat,MI
2013_16,165.0,166.0,,,,,2013,MA Chidambaram Stadium,field,CSK
2013_17,124.0,126.0,,,,,2013,Sawai Mansingh Stadium,field,RR
2013_18,180.0,132.0,,,,,2013,Eden Gardens,bat,KKR
2013_19,159.0,135.0,,,,,2013,MA Chidambaram Stadium,bat,PW
2013_20,152.0,152.0,15.0,11.0,,,2013,M Chinnaswamy Stadium,field,
2013_21,157.0,153.0,,,,,2013,PCA IS Bindra Stadium,field,KXIP
2013_22,179.0,92.0,,,,,2013,Sawai Mansingh Stadium,bat,RR
2013_23,119.0,108.0,,,,,2013,"MCA Stadium, Pune",field,SRH
2013_24,169.0,83.0,,,,,2013,Arun Jaitley Stadium,bat,CSK
2013_25,123.0,127.0,,,,,2013,Rajiv Gandhi Intl. Stadium,bat,SRH
2013_26,117.0,123.0,,,,,2013,M Chinnaswamy Stadium,field,RCB
2013_27,119.0,124.0,,,,,2013,Eden Gardens,bat,CSK
2013_28,161.0,165.0,,,,,2013,Arun Jaitley Stadium,bat,DD
2013_29,185.0,186.0,,,,,2013,PCA IS Bindra Stadium,field,KXIP
2013_30,185.0,186.0,,,,,2013,MA Chidambaram Stadium,bat,CSK
2013_31,263.0,133.0,,,,,2013,M Chinnaswamy Stadium,field,RCB
2013_32,120.0,121.0,,,,,2013,Arun Jaitley Stadium,field,KXIP
2013_33,159.0,162.0,,,,,2013,Eden Gardens,bat,MI
2013_34,159.0,160.0,,,,,2013,MA Chidambaram Stadium,bat,CSK
2013_35,149.0,150.0,,,,,2013,Eden Gardens,bat,KKR
2013_36,144.0,146.0,,,,,2013,Sawai Mansingh Stadium,bat,RR
2013_37,194.0,136.0,,,,,2013,Wankhede Stadium,bat,MI
2013_38,200.0,186.0,,,,,2013,MA Chidambaram Stadium,field,CSK
2013_39,164.0,149.0,,,,,2013,SVNS Intl. Stadium,field,DD
2013_40,174.0,170.0,,,,,2013,Wankhede Stadium,bat,MI
2013_41,171.0,173.0,,,,,2013,Sawai Mansingh Stadium,field,RR
2013_42,164.0,127.0,,,,,2013,Subrata Roy Sahara Stadium,bat,CSK
2013_43,136.0,137.0,,,,,2013,SVNS Intl. Stadium,bat,DD
2013_44,129.0,130.0,,,,,2013,Rajiv Gandhi Intl. Stadium,bat,SRH
2013_45,186.0,171.0,,,,,2013,MA Chidambaram Stadium,bat,CSK
2013_46,187.0,170.0,,,,,2013,Subrata Roy Sahara Stadium,bat,RCB
2013_47,132.0,133.0,,,,,2013,Eden Gardens,bat,KKR
2013_48,80.0,81.0,,,,,2013,Rajiv Gandhi Intl. Stadium,bat,SRH
2013_49,178.0,182.0,,,,,2013,Sawai Mansingh Stadium,bat,RR
2013_50,139.0,79.0,,,,,2013,Wankhede Stadium,bat,MI
2013_51,190.0,194.0,,,,,2013,PCA IS Bindra Stadium,field,KXIP
2013_52,170.0,105.0,,,,,2013,Wankhede Stadium,bat,MI
2013_53,154.0,155.0,,,,,2013,Sawai Mansingh Stadium,bat,RR
2013_54,223.0,146.0,,,,,2013,Rajiv Gandhi Intl. Stadium,field,CSK
2013_55,145.0,147.0,,,,,2013,PCA IS Bindra Stadium,field,RR
2013_56,152.0,106.0,,,,,2013,Subrata Roy Sahara Stadium,bat,KKR
2013_57,183.0,179.0,,,,,2013,Arun Jaitley Stadium,field,RCB
2013_58,112.0,116.0,,,,,2013,Subrata Roy Sahara Stadium,bat,MI
2013_59,150.0,120.0,,,,,2013,PCA IS Bindra Stadium,field,SRH
2013_60,115.0,116.0,,,,,2013,JSCA Intl. Stadium Complex,field,KKR
2013_61,141.0,144.0,,,,,2013,Sawai Mansingh Stadium,field,RR
2013_62,178.0,184.0,,,,,2013,Wankhede Stadium,bat,MI
2013_63,168.0,135.0,,,,,2013,MA Chidambaram Stadium,bat,CSK
2013_64,174.0,176.0,,,,,2013,M Chinnaswamy Stadium,field,KXIP
2013_65,170.0,163.0,,,,,2013,JSCA Intl. Stadium Complex,field,PW
2013_66,166.0,152.0,,,,,2013,Wankhede Stadium,field,MI
2013_67,171.0,164.0,,,,,2013,HPCA Stadium,field,KXIP
2013_68,136.0,113.0,,,,,2013,Rajiv Gandhi Intl. Stadium,bat,SRH
2013_69,183.0,133.0,,,,,2013,HPCA Stadium,field,KXIP
2013_70,106.0,82.0,,,,,2013,M Chinnaswamy Stadium,field,RCB
2013_71,172.0,134.0,,,,,2013,Subrata Roy Sahara Stadium,bat,PW
2013_72,130.0,132.0,,,,,2013,Rajiv Gandhi Intl. Stadium,bat,SRH
2013_73,192.0,144.0,,,,,2013,Arun Jaitley Stadium,bat,CSK
2013_74,132.0,135.0,,,,,2013,Arun Jaitley Stadium,bat,RR
2013_75,165.0,169.0,,,,,2013,Eden Gardens,bat,MI
2013_76,148.0,125.0,,,,,2013,Eden Gardens,bat,MI
2014_01,163.0,122.0,,,,,2014,Sheikh Zayed Stadium,bat,KKR
2014_02,145.0,146.0,,,,,2014,Sharjah Cricket Stadium,field,RCB
2014_03,133.0,135.0,,,,,2014,Sheikh Zayed Stadium,field,RR
2014_04,205.0,206.0,,,,,2014,Sheikh Zayed Stadium,bat,KXIP
2014_05,115.0,116.0,,,,,2014,Dubai Intl. Cricket Stadium,field,RCB
2014_06,166.0,167.0,,,,,2014,Dubai Intl. Cricket Stadium,bat,DD
2014_07,191.0,193.0,,,,,2014,Sharjah Cricket Stadium,field,KXIP
2014_08,177.0,84.0,,,,,2014,Sheikh Zayed Stadium,bat,CSK
2014_09,193.0,121.0,,,,,2014,Sharjah Cricket Stadium,field,KXIP
2014_10,140.0,133.0,,,,,2014,Dubai Intl. Cricket Stadium,field,CSK
2014_11,150.0,148.0,,,,,2014,Sharjah Cricket Stadium,field,KKR
2014_12,184.0,180.0,,,,,2014,Dubai Intl. Cricket Stadium,bat,SRH
2014_13,141.0,142.0,,,,,2014,Dubai Intl. Cricket Stadium,bat,CSK
2014_14,70.0,71.0,,,,,2014,Sheikh Zayed Stadium,field,RR
2014_15,132.0,109.0,,,,,2014,Sheikh Zayed Stadium,field,KXIP
2014_16,145.0,146.0,,,,,2014,Sharjah Cricket Stadium,bat,CSK
2014_17,125.0,126.0,,,,,2014,Sharjah Cricket Stadium,bat,DD
2014_18,124.0,127.0,,,,,2014,Dubai Intl. Cricket Stadium,field,KXIP
2014_19,152.0,152.0,11.0,11.0,,,2014,Sheikh Zayed Stadium,bat,
2014_20,172.0,157.0,,,,,2014,Dubai Intl. Cricket Stadium,field,SRH
2014_21,148.0,114.0,,,,,2014,JSCA Intl. Stadium Complex,bat,CSK
2014_22,152.0,156.0,,,,,2014,Arun Jaitley Stadium,field,RR
2014_23,168.0,170.0,,,,,2014,Wankhede Stadium,bat,MI
2014_24,155.0,158.0,,,,,2014,M Chinnaswamy Stadium,field,RCB
2014_25,178.0,181.0,,,,,2014,Arun Jaitley Stadium,field,CSK
2014_26,170.0,160.0,,,,,2014,Narendra Modi Stadium,field,RR
2014_27,187.0,168.0,,,,,2014,Wankhede Stadium,field,MI
2014_28,160.0,161.0,,,,,2014,Arun Jaitley Stadium,bat,KKR
2014_29,231.0,187.0,,,,,2014,Barabati Stadium,field,KXIP
2014_30,134.0,102.0,,,,,2014,Narendra Modi Stadium,field,SRH
2014_31,198.0,166.0,,,,,2014,M Chinnaswamy Stadium,field,KXIP
2014_32,143.0,44.0,,,,,2014,Arun Jaitley Stadium,field,SRH
2014_33,157.0,160.0,,,,,2014,Wankhede Stadium,field,CSK
2014_34,190.0,191.0,,,,,2014,M Chinnaswamy Stadium,bat,RR
2014_35,149.0,150.0,,,,,2014,Barabati Stadium,field,KKR
2014_36,157.0,160.0,,,,,2014,Rajiv Gandhi Intl. Stadium,bat,MI
2014_37,186.0,170.0,,,,,2014,M Chinnaswamy Stadium,field,RCB
2014_38,148.0,149.0,,,,,2014,JSCA Intl. Stadium Complex,bat,CSK
2014_39,205.0,211.0,,,,,2014,Rajiv Gandhi Intl. Stadium,field,KXIP
2014_40,141.0,142.0,,,,,2014,Barabati Stadium,field,KKR
2014_41,201.0,139.0,,,,,2014,Narendra Modi Stadium,field,RR
2014_42,138.0,142.0,,,,,2014,JSCA Intl. Stadium Complex,bat,RCB
2014_43,142.0,146.0,,,,,2014,Rajiv Gandhi Intl. Stadium,bat,KKR
2014_44,164.0,165.0,,,,,2014,Arun Jaitley Stadium,field,KXIP
2014_45,178.0,153.0,,,,,2014,Narendra Modi Stadium,bat,MI
2014_46,160.0,161.0,,,,,2014,Rajiv Gandhi Intl. Stadium,bat,SRH
2014_47,154.0,156.0,,,,,2014,Eden Gardens,field,KKR
2014_48,156.0,159.0,,,,,2014,PCA IS Bindra Stadium,field,MI
2014_49,195.0,165.0,,,,,2014,Eden Gardens,field,KKR
2014_50,185.0,189.0,,,,,2014,JSCA Intl. Stadium Complex,field,SRH
2014_51,173.0,158.0,,,,,2014,Wankhede Stadium,field,MI
2014_52,179.0,163.0,,,,,2014,PCA IS Bindra Stadium,field,KXIP
2014_53,160.0,161.0,,,,,2014,Eden Gardens,field,KKR
2014_54,154.0,160.0,,,,,2014,M Chinnaswamy Stadium,field,CSK
2014_55,189.0,195.0,,,,,2014,Wankhede Stadium,field,MI
2014_56,115.0,119.0,,,,,2014,PCA IS Bindra Stadium,field,KXIP
2014_57,163.0,135.0,,,,,2014,Eden Gardens,field,KKR
2014_58,173.0,176.0,,,,,2014,Brabourne Stadium,field,CSK
2014_59,226.0,202.0,,,,,2014,Wankhede Stadium,field,KXIP
2014_60,199.0,200.0,,,,,2014,M Chinnaswamy Stadium,field,KKR
2015_01,168.0,170.0,,,,,2015,Eden Gardens,field,KKR
2015_02,150.0,149.0,,,,,2015,MA Chidambaram Stadium,field,CSK
2015_03,162.0,136.0,,,,,2015,"MCA Stadium, Pune",field,RR
2015_04,177.0,179.0,,,,,2015,Eden Gardens,field,RCB
2015_05,209.0,164.0,,,,,2015,MA Chidambaram Stadium,bat,CSK
2015_06,184.0,186.0,,,,,2015,Arun Jaitley Stadium,field,RR
2015_07,177.0,159.0,,,,,2015,Wankhede Stadium,field,KXIP
2015_08,166.0,172.0,,,,,2015,M Chinnaswamy Stadium,field,SRH
2015_09,164.0,165.0,,,,,2015,Narendra Modi Stadium,bat,RR
2015_10,165.0,169.0,,,,,2015,"MCA Stadium, Pune",bat,DD
2015_11,127.0,131.0,,,,,2015,ACA-VDCA Stadium,field,RR
2015_12,183.0,189.0,,,,,2015,Wankhede Stadium,bat,CSK
2015_13,155.0,159.0,,,,,2015,"MCA Stadium, Pune",field,KKR
2015_14,167.0,163.0,,,,,2015,ACA-VDCA Stadium,bat,DD
2015_15,209.0,191.0,,,,,2015,M Chinnaswamy Stadium,field,MI
2015_16,156.0,157.0,,,,,2015,Narendra Modi Stadium,bat,RR
2015_17,146.0,147.0,,,,,2015,Arun Jaitley Stadium,field,KKR
2015_18,191.0,191.0,15.0,6.0,,,2015,Narendra Modi Stadium,field,
2015_19,181.0,154.0,,,,,2015,M Chinnaswamy Stadium,field,CSK
2015_20,176.0,101.0,,,,,2015,ACA-VDCA Stadium,field,SRH
2015_21,190.0,153.0,,,,,2015,Arun Jaitley Stadium,field,DD
2015_22,130.0,134.0,,,,,2015,Narendra Modi Stadium,field,RCB
2015_23,192.0,95.0,,,,,2015,MA Chidambaram Stadium,bat,CSK
2015_24,157.0,137.0,,,,,2015,Wankhede Stadium,bat,MI
2015_25,95.0,99.0,,,,,2015,Arun Jaitley Stadium,field,RCB
2015_26,150.0,130.0,,,,,2015,PCA IS Bindra Stadium,field,SRH
2015_27,134.0,132.0,,,,,2015,MA Chidambaram Stadium,field,CSK
2015_28,200.0,,,,,,2015,M Chinnaswamy Stadium,field,
2015_29,165.0,169.0,,,,,2015,Eden Gardens,field,KKR
2015_30,118.0,119.0,,,,,2015,Arun Jaitley Stadium,field,DD
2015_31,187.0,179.0,,,,,2015,Wankhede Stadium,field,MI
2015_32,192.0,170.0,,,,,2015,Rajiv Gandhi Intl. Stadium,field,SRH
2015_33,111.0,115.0,,,,,2015,M Chinnaswamy Stadium,field,RCB
2015_34,172.0,149.0,,,,,2015,PCA IS Bindra Stadium,bat,MI
2015_35,189.0,175.0,,,,,2015,Brabourne Stadium,field,RR
2015_36,148.0,124.0,,,,,2015,MA Chidambaram Stadium,bat,CSK
2015_37,167.0,132.0,,,,,2015,Eden Gardens,field,KKR
2015_38,152.0,153.0,,,,,2015,Wankhede Stadium,bat,MI
2015_39,226.0,88.0,,,,,2015,M Chinnaswamy Stadium,field,RCB
2015_40,201.0,194.0,,,,,2015,Brabourne Stadium,field,SRH
2015_41,171.0,158.0,,,,,2015,Eden Gardens,bat,KKR
2015_42,158.0,159.0,,,,,2015,MA Chidambaram Stadium,bat,MI
2015_43,183.0,184.0,,,,,2015,Eden Gardens,bat,KKR
2015_44,163.0,157.0,,,,,2015,SVNS Intl. Stadium,bat,SRH
2015_45,235.0,196.0,,,,,2015,Wankhede Stadium,bat,RCB
2015_46,157.0,145.0,,,,,2015,MA Chidambaram Stadium,bat,CSK
2015_47,185.0,180.0,,,,,2015,Rajiv Gandhi Intl. Stadium,bat,SRH
2015_48,119.0,120.0,,,,,2015,SVNS Intl. Stadium,bat,DD
2015_49,106.0,84.0,,,,,2015,PCA IS Bindra Stadium,field,KXIP
2015_50,171.0,166.0,,,,,2015,Wankhede Stadium,field,MI
2015_51,135.0,83.0,,,,,2015,Rajiv Gandhi Intl. Stadium,bat,RCB
2015_52,199.0,190.0,,,,,2015,Brabourne Stadium,bat,RR
2015_53,130.0,134.0,,,,,2015,PCA IS Bindra Stadium,bat,CSK
2015_54,187.0,2.0,,,,,2015,M Chinnaswamy Stadium,field,
2015_55,113.0,114.0,,,,,2015,Rajiv Gandhi Intl. Stadium,bat,MI
2015_56,187.0,162.0,,,,,2015,Wankhede Stadium,bat,MI
2015_57,180.0,109.0,,,,,2015,"MCA Stadium, Pune",bat,RCB
2015_58,139.0,140.0,,,,,2015,JSCA Intl. Stadium Complex,field,CSK
2015_59,202.0,161.0,,,,,2015,Eden Gardens,field,MI
2016_01,121.0,126.0,,,,,2016,Wankhede Stadium,bat,RPS
2016_02,98.0,99.0,,,,,2016,Eden Gardens,field,KKR
2016_03,161.0,162.0,,,,,2016,PCA IS Bindra Stadium,field,GL
2016_04,227.0,182.0,,,,,2016,M Chinnaswamy Stadium,field,RCB
2016_05,187.0,188.0,,,,,2016,Eden Gardens,field,MI
2016_06,163.0,164.0,,,,,2016,Saurashtra Cricket Assn. Stadium,bat,GL
2016_07,111.0,113.0,,,,,2016,Arun Jaitley Stadium,field,DD
2016_08,142.0,146.0,,,,,2016,Rajiv Gandhi Intl. Stadium,bat,KKR
2016_09,143.0,147.0,,,,,2016,Wankhede Stadium,field,GL
2016_10,152.0,153.0,,,,,2016,PCA IS Bindra Stadium,bat,KXIP
2016_11,191.0,192.0,,,,,2016,M Chinnaswamy Stadium,field,DD
2016_12,142.0,145.0,,,,,2016,Rajiv Gandhi Intl. Stadium,field,SRH
2016_13,138.0,141.0,,,,,2016,PCA IS Bindra Stadium,field,KKR
2016_14,170.0,171.0,,,,,2016,Wankhede Stadium,field,MI
2016_15,135.0,137.0,,,,,2016,Saurashtra Cricket Assn. Stadium,field,SRH
2016_16,185.0,172.0,,,,,2016,"MCA Stadium, Pune",field,RCB
2016_17,143.0,146.0,,,,,2016,Rajiv Gandhi Intl. Stadium,field,SRH
2016_18,164.0,154.0,,,,,2016,Arun Jaitley Stadium,field,DD
2016_19,160.0,162.0,,,,,2016,"MCA Stadium, Pune",field,KKR
2016_20,180.0,182.0,,,,,2016,Saurashtra Cricket Assn. Stadium,bat,GL
2016_21,189.0,164.0,,,,,2016,PCA IS Bindra Stadium,field,MI
2016_22,118.0,94.0,,,,,2016,Rajiv Gandhi Intl. Stadium,field,RPS
2016_23,172.0,171.0,,,,,2016,Arun Jaitley Stadium,field,GL
2016_24,174.0,178.0,,,,,2016,Wankhede Stadium,field,MI
2016_25,195.0,196.0,,,,,2016,"MCA Stadium, Pune",field,GL
2016_26,194.0,179.0,,,,,2016,Rajiv Gandhi Intl. Stadium,field,SRH
2016_27,186.0,159.0,,,,,2016,Arun Jaitley Stadium,field,DD
2016_28,154.0,131.0,,,,,2016,Saurashtra Cricket Assn. Stadium,field,KXIP
2016_29,159.0,161.0,,,,,2016,"MCA Stadium, Pune",field,MI
2016_30,185.0,189.0,,,,,2016,M Chinnaswamy Stadium,field,KKR
2016_31,149.0,150.0,,,,,2016,Saurashtra Cricket Assn. Stadium,field,DD
2016_32,164.0,157.0,,,,,2016,Eden Gardens,field,KKR
2016_33,162.0,166.0,,,,,2016,Arun Jaitley Stadium,field,RPS
2016_34,126.0,129.0,,,,,2016,Rajiv Gandhi Intl. Stadium,field,SRH
2016_35,191.0,195.0,,,,,2016,M Chinnaswamy Stadium,field,RCB
2016_36,181.0,172.0,,,,,2016,PCA IS Bindra Stadium,field,KXIP
2016_37,158.0,164.0,,,,,2016,Eden Gardens,field,GL
2016_38,177.0,92.0,,,,,2016,ACA-VDCA Stadium,field,SRH
2016_39,175.0,174.0,,,,,2016,PCA IS Bindra Stadium,field,RCB
2016_40,137.0,133.0,,,,,2016,ACA-VDCA Stadium,bat,SRH
2016_41,151.0,153.0,,,,,2016,M Chinnaswamy Stadium,field,MI
2016_42,146.0,150.0,,,,,2016,Rajiv Gandhi Intl. Stadium,field,DD
2016_43,124.0,127.0,,,,,2016,ACA-VDCA Stadium,bat,KXIP
2016_44,103.0,66.0,,,,,2016,Eden Gardens,bat,KKR
2016_45,248.0,104.0,,,,,2016,M Chinnaswamy Stadium,field,RCB
2016_46,179.0,180.0,,,,,2016,PCA IS Bindra Stadium,bat,SRH
2016_47,206.0,126.0,,,,,2016,ACA-VDCA Stadium,field,MI
2016_48,183.0,186.0,,,,,2016,Eden Gardens,field,RCB
2016_49,121.0,76.0,,,,,2016,ACA-VDCA Stadium,field,RPS
2016_50,211.0,120.0,,,,,2016,M Chinnaswamy Stadium,field,RCB
2016_51,124.0,125.0,,,,,2016,Green Park,field,GL
2016_52,158.0,161.0,,,,,2016,SVNS Intl. Stadium,field,DD
2016_53,172.0,173.0,,,,,2016,Green Park,field,GL
2016_54,172.0,173.0,,,,,2016,ACA-VDCA Stadium,bat,RPS
2016_55,138.0,139.0,,,,,2016,SVNS Intl. Stadium,field,RCB
2016_56,171.0,149.0,,,,,2016,Eden Gardens,field,KKR
2016_57,158.0,159.0,,,,,2016,M Chinnaswamy Stadium,field,RCB
2016_58,162.0,140.0,,,,,2016,Arun Jaitley Stadium,field,SRH
2016_59,162.0,163.0,,,,,2016,Arun Jaitley Stadium,field,SRH
2016_60,208.0,200.0,,,,,2016,M Chinnaswamy Stadium,bat,SRH
2017_01,207.0,172.0,,,,,2017,Rajiv Gandhi Intl. Stadium,field,SRH
2017_02,184.0,187.0,,,,,2017,"MCA Stadium, Pune",field,RPS
2017_03,183.0,184.0,,,,,2017,Saurashtra Cricket Assn. Stadium,field,KKR
2017_04,157.0,142.0,,,,,2017,M. Chinnaswamy Stadium,bat,RCB
2017_05,163.0,164.0,,,,,2017,Holkar Cricket Stadium,field,KXIP
2017_06,178.0,180.0,,,,,2017,Wankhede Stadium,field,MI
2017_07,135.0,140.0,,,,,2017,Rajiv Gandhi Intl. Stadium,field,SRH
2017_08,148.0,150.0,,,,,2017,Holkar Cricket Stadium,bat,KXIP
2017_09,205.0,108.0,,,,,2017,"MCA Stadium, Pune",field,DD
2017_10,158.0,159.0,,,,,2017,Wankhede Stadium,field,MI
2017_11,170.0,171.0,,,,,2017,Eden Gardens,field,KKR
2017_12,142.0,145.0,,,,,2017,M Chinnaswamy Stadium,field,MI
2017_13,171.0,172.0,,,,,2017,Saurashtra Cricket Assn. Stadium,field,GL
2017_14,188.0,137.0,,,,,2017,Arun Jaitley Stadium,bat,DD
2017_15,172.0,155.0,,,,,2017,Eden Gardens,field,KKR
2017_16,176.0,177.0,,,,,2017,Wankhede Stadium,field,MI
2017_17,161.0,134.0,,,,,2017,M Chinnaswamy Stadium,field,RPS
2017_18,168.0,169.0,,,,,2017,Arun Jaitley Stadium,bat,KKR
2017_19,159.0,154.0,,,,,2017,Rajiv Gandhi Intl. Stadium,field,SRH
2017_20,213.0,192.0,,,,,2017,Saurashtra Cricket Assn. Stadium,field,RCB
2017_21,191.0,176.0,,,,,2017,Rajiv Gandhi Intl. Stadium,bat,SRH
2017_22,198.0,199.0,,,,,2017,Holkar Cricket Stadium,field,MI
2017_23,187.0,188.0,,,,,2017,Eden Gardens,field,GL
2017_24,142.0,128.0,,,,,2017,Wankhede Stadium,field,MI
2017_25,176.0,179.0,,,,,2017,"MCA Stadium, Pune",field,RPS
2017_26,188.0,162.0,,,,,2017,Saurashtra Cricket Assn. Stadium,field,KXIP
2017_27,131.0,49.0,,,,,2017,Eden Gardens,field,KKR
2017_28,160.0,157.0,,,,,2017,Wankhede Stadium,field,RPS
2017_29,182.0,184.0,,,,,2017,"MCA Stadium, Pune",field,KKR
2017_30,134.0,135.0,,,,,2017,M Chinnaswamy Stadium,field,GL
2017_31,160.0,161.0,,,,,2017,Eden Gardens,field,KKR
2017_32,207.0,181.0,,,,,2017,PCA IS Bindra Stadium,field,SRH
2017_33,157.0,96.0,,,,,2017,"MCA Stadium, Pune",field,RPS
2017_34,153.0,153.0,11.0,6.0,,,2017,Saurashtra Cricket Assn. Stadium,bat,
2017_35,67.0,68.0,,,,,2017,PCA IS Bindra Stadium,field,KXIP
2017_36,209.0,161.0,,,,,2017,Rajiv Gandhi Intl. Stadium,field,SRH
2017_37,162.0,165.0,,,,,2017,Wankhede Stadium,bat,MI
2017_38,161.0,167.0,,,,,2017,"MCA Stadium, Pune",field,RPS
2017_39,185.0,189.0,,,,,2017,Arun Jaitley Stadium,field,DD
2017_40,155.0,158.0,,,,,2017,Eden Gardens,field,RPS
2017_41,208.0,214.0,,,,,2017,Arun Jaitley Stadium,field,DD
2017_42,138.0,119.0,,,,,2017,M Chinnaswamy Stadium,field,KXIP
2017_43,148.0,136.0,,,,,2017,Rajiv Gandhi Intl. Stadium,field,RPS
2017_44,212.0,66.0,,,,,2017,Arun Jaitley Stadium,field,MI
2017_45,189.0,192.0,,,,,2017,PCA IS Bindra Stadium,field,GL
2017_46,158.0,159.0,,,,,2017,M Chinnaswamy Stadium,field,KKR
2017_47,138.0,140.0,,,,,2017,Rajiv Gandhi Intl. Stadium,bat,SRH
2017_48,167.0,153.0,,,,,2017,PCA IS Bindra Stadium,field,KXIP
2017_49,195.0,197.0,,,,,2017,Green Park,field,DD
2017_50,230.0,223.0,,,,,2017,Wankhede Stadium,field,KXIP
2017_51,168.0,161.0,,,,,2017,Arun Jaitley Stadium,bat,DD
2017_52,173.0,164.0,,,,,2017,Eden Gardens,field,MI
2017_53,154.0,158.0,,,,,2017,Green Park,field,SRH
2017_54,161.0,151.0,,,,,2017,Arun Jaitley Stadium,bat,RCB
2017_55,73.0,78.0,,,,,2017,"MCA Stadium, Pune",field,RPS
2017_56,162.0,142.0,,,,,2017,Wankhede Stadium,field,RPS
2017_57,128.0,48.0,,,,,2017,M Chinnaswamy Stadium,field,KKR
2017_58,107.0,111.0,,,,,2017,M Chinnaswamy Stadium,field,MI
2017_59,129.0,128.0,,,,,2017,Rajiv Gandhi Intl. Stadium,bat,MI
2018_01,165.0,169.0,,,,,2018,Wankhede Stadium,field,CSK
2018_02,166.0,167.0,,,,,2018,PCA IS Bindra Stadium,field,KXIP
2018_03,176.0,177.0,,,,,2018,Eden Gardens,field,KKR
2018_04,125.0,127.0,,,,,2018,Rajiv Gandhi Intl. Stadium,field,SRH
2018_05,202.0,205.0,,,,,2018,MA Chidambaram Stadium,field,CSK
2018_06,153.0,60.0,,,,,2018,Sawai Mansingh Stadium,field,RR
2018_07,147.0,151.0,,,,,2018,Rajiv Gandhi Intl. Stadium,field,SRH
2018_08,155.0,159.0,,,,,2018,M. Chinnaswamy Stadium,field,RCB
2018_09,138.0,139.0,,,,,2018,Eden Gardens,field,SRH
2018_10,194.0,195.0,,,,,2018,Wankhede Stadium,field,DD
2018_11,217.0,198.0,,,,,2018,M. Chinnaswamy Stadium,field,RR
2018_12,197.0,193.0,,,,,2018,PCA IS Bindra Stadium,field,KXIP
2018_13,200.0,129.0,,,,,2018,Eden Gardens,field,KKR
2018_14,213.0,167.0,,,,,2018,Wankhede Stadium,field,MI
2018_15,160.0,163.0,,,,,2018,Sawai Mansingh Stadium,field,KKR
2018_16,193.0,178.0,,,,,2018,PCA IS Bindra Stadium,bat,KXIP
2018_17,204.0,140.0,,,,,2018,"MCA Stadium, Pune",field,CSK
2018_18,191.0,126.0,,,,,2018,Eden Gardens,field,KXIP
2018_19,174.0,176.0,,,,,2018,M. Chinnaswamy Stadium,field,RCB
2018_20,167.0,168.0,,,,,2018,Sawai Mansingh Stadium,bat,RR
2018_21,182.0,178.0,,,,,2018,Rajiv Gandhi Intl. Stadium,field,CSK
2018_22,143.0,139.0,,,,,2018,Arun Jaitley Stadium,field,KXIP
2018_23,118.0,87.0,,,,,2018,Wankhede Stadium,field,SRH
2018_24,205.0,207.0,,,,,2018,M. Chinnaswamy Stadium,field,CSK
2018_25,132.0,119.0,,,,,2018,Rajiv Gandhi Intl. Stadium,field,SRH
2018_26,219.0,164.0,,,,,2018,Arun Jaitley Stadium,field,DD
2018_27,169.0,170.0,,,,,2018,"MCA Stadium, Pune",field,MI
2018_28,175.0,176.0,,,,,2018,M. Chinnaswamy Stadium,field,KKR
2018_29,151.0,140.0,,,,,2018,Sawai Mansingh Stadium,bat,SRH
2018_30,211.0,198.0,,,,,2018,"MCA Stadium, Pune",field,CSK
2018_31,167.0,153.0,,,,,2018,M. Chinnaswamy Stadium,field,RCB
2018_32,196.0,146.0,,,,,2018,Arun Jaitley Stadium,field,DD
2018_33,177.0,180.0,,,,,2018,Eden Gardens,field,KKR
2018_34,174.0,176.0,,,,,2018,Holkar Cricket Stadium,field,MI
2018_35,127.0,128.0,,,,,2018,"MCA Stadium, Pune",field,CSK
2018_36,163.0,164.0,,,,,2018,Rajiv Gandhi Intl. Stadium,bat,SRH
2018_37,152.0,155.0,,,,,2018,Holkar Cricket Stadium,field,KXIP
2018_38,181.0,168.0,,,,,2018,Wankhede Stadium,field,MI
2018_39,146.0,141.0,,,,,2018,Rajiv Gandhi Intl. Stadium,field,SRH
2018_40,158.0,143.0,,,,,2018,Sawai Mansingh Stadium,bat,RR
2018_41,210.0,108.0,,,,,2018,Eden Gardens,field,MI
2018_42,187.0,191.0,,,,,2018,Arun Jaitley Stadium,bat,SRH
2018_43,176.0,177.0,,,,,2018,Sawai Mansingh Stadium,bat,RR
2018_44,181.0,187.0,,,,,2018,Arun Jaitley Stadium,field,RCB
2018_45,245.0,214.0,,,,,2018,Holkar Cricket Stadium,field,KKR
2018_46,179.0,180.0,,,,,2018,"MCA Stadium, Pune",field,CSK
2018_47,168.0,171.0,,,,,2018,Wankhede Stadium,field,RR
2018_48,88.0,92.0,,,,,2018,Holkar Cricket Stadium,field,RCB
2018_49,142.0,145.0,,,,,2018,Eden Gardens,field,KKR
2018_50,186.0,183.0,,,,,2018,Wankhede Stadium,field,MI
2018_51,218.0,204.0,,,,,2018,M. Chinnaswamy Stadium,field,RCB
2018_52,162.0,128.0,,,,,2018,Arun Jaitley Stadium,field,DD
2018_53,164.0,134.0,,,,,2018,Sawai Mansingh Stadium,bat,RR
2018_54,172.0,173.0,,,,,2018,Rajiv Gandhi Intl. Stadium,bat,KKR
2018_55,174.0,163.0,,,,,2018,Arun Jaitley Stadium,bat,DD
2018_56,153.0,159.0,,,,,2018,"MCA Stadium, Pune",field,CSK
2018_57,139.0,140.0,,,,,2018,Wankhede Stadium,field,CSK
2018_58,169.0,144.0,,,,,2018,Eden Gardens,field,KKR
2018_59,174.0,160.0,,,,,2018,Eden Gardens,field,SRH
2018_60,178.0,181.0,,,,,2018,Wankhede Stadium,field,CSK
2019_01,70.0,71.0,,,,,2019,MA Chidambaram Stadium,field,CSK
2019_02,213.0,176.0,,,,,2019,Wankhede Stadium,field,DC
2019_03,181.0,183.0,,,,,2019,Eden Gardens,field,KKR
2019_04,184.0,170.0,,,,,2019,Sawai Mansingh Stadium,field,KXIP
2019_05,147.0,150.0,,,,,2019,Arun Jaitley Stadium,bat,CSK
2019_06,218.0,190.0,,,,,2019,Eden Gardens,field,KKR
2019_07,187.0,181.0,,,,,2019,M. Chinnaswamy Stadium,field,MI
2019_08,198.0,201.0,,,,,2019,Rajiv Gandhi Intl. Stadium,bat,SRH
2019_09,176.0,177.0,,,,,2019,PCA IS Bindra Stadium,field,KXIP
2019_10,185.0,185.0,10.0,7.0,,,2019,Arun Jaitley Stadium,field,
2019_11,231.0,113.0,,,,,2019,Rajiv Gandhi Intl. Stadium,field,SRH
2019_12,175.0,167.0,,,,,2019,MA Chidambaram Stadium,field,CSK
2019_13,166.0,152.0,,,,,2019,PCA IS Bindra Stadium,field,KXIP
2019_14,158.0,164.0,,,,,2019,Sawai Mansingh Stadium,field,RR
2019_15,170.0,133.0,,,,,2019,Wankhede Stadium,field,MI
2019_16,129.0,131.0,,,,,2019,Arun Jaitley Stadium,field,SRH
2019_17,205.0,206.0,,,,,2019,M. Chinnaswamy Stadium,field,KKR
2019_18,136.0,96.0,,,,,2019,Rajiv Gandhi Intl. Stadium,field,MI
2019_19,160.0,138.0,,,,,2019,MA Chidambaram Stadium,bat,CSK
2019_20,149.0,152.0,,,,,2019,M. Chinnaswamy Stadium,field,DC
2019_21,139.0,140.0,,,,,2019,Sawai Mansingh Stadium,field,KKR
2019_22,150.0,151.0,,,,,2019,PCA IS Bindra Stadium,field,KXIP
2019_23,108.0,111.0,,,,,2019,MA Chidambaram Stadium,field,CSK
2019_24,197.0,198.0,,,,,2019,Wankhede Stadium,field,MI
2019_25,151.0,155.0,,,,,2019,Sawai Mansingh Stadium,field,CSK
2019_26,178.0,180.0,,,,,2019,Eden Gardens,field,DC
2019_27,173.0,174.0,,,,,2019,PCA IS Bindra Stadium,field,RCB
2019_28,187.0,188.0,,,,,2019,Wankhede Stadium,field,RR
2019_29,161.0,162.0,,,,,2019,Eden Gardens,field,CSK
2019_30,155.0,116.0,,,,,2019,Rajiv Gandhi Intl. Stadium,field,DC
2019_31,171.0,172.0,,,,,2019,Wankhede Stadium,field,MI
2019_32,182.0,170.0,,,,,2019,PCA IS Bindra Stadium,field,KXIP
2019_33,132.0,137.0,,,,,2019,Rajiv Gandhi Intl. Stadium,bat,SRH
2019_34,168.0,128.0,,,,,2019,Arun Jaitley Stadium,bat,MI
2019_35,213.0,203.0,,,,,2019,Eden Gardens,field,RCB
2019_36,163.0,166.0,,,,,2019,Arun Jaitley Stadium,field,DC
2019_37,161.0,162.0,,,,,2019,Sawai Mansingh Stadium,field,RR
2019_38,161.0,160.0,,,,,2019,M. Chinnaswamy Stadium,field,RCB
2019_39,159.0,161.0,,,,,2019,Rajiv Gandhi Intl. Stadium,field,SRH
2019_40,191.0,193.0,,,,,2019,Sawai Mansingh Stadium,field,DC
2019_41,175.0,176.0,,,,,2019,MA Chidambaram Stadium,field,CSK
2019_42,202.0,185.0,,,,,2019,M. Chinnaswamy Stadium,field,RCB
2019_43,175.0,177.0,,,,,2019,Eden Gardens,field,RR
2019_44,155.0,109.0,,,,,2019,MA Chidambaram Stadium,field,MI
2019_45,160.0,161.0,,,,,2019,Sawai Mansingh Stadium,field,RR
2019_46,232.0,198.0,,,,,2019,Eden Gardens,field,KKR
2019_47,187.0,171.0,,,,,2019,Arun Jaitley Stadium,bat,DC
2019_48,212.0,167.0,,,,,2019,Rajiv Gandhi Intl. Stadium,field,SRH
2019_49,62.0,41.0,,,,,2019,M. Chinnaswamy Stadium,field,
2019_50,179.0,99.0,,,,,2019,MA Chidambaram Stadium,field,CSK
2019_51,162.0,162.0,8.0,9.0,,,2019,Wankhede Stadium,bat,
2019_52,183.0,185.0,,,,,2019,PCA IS Bindra Stadium,field,KKR
2019_53,175.0,178.0,,,,,2019,M. Chinnaswamy Stadium,field,RCB
2019_54,115.0,121.0,,,,,2019,Arun Jaitley Stadium,bat,DC
2019_55,133.0,134.0,,,,,2019,Wankhede Stadium,field,MI
2019_56,170.0,173.0,,,,,2019,PCA IS Bindra Stadium,field,KXIP
2019_57,131.0,132.0,,,,,2019,MA Chidambaram Stadium,bat,MI
2019_58,162.0,165.0,,,,,2019,ACA-VDCA Stadium,field,DC
2019_59,147.0,151.0,,,,,2019,ACA-VDCA Stadium,field,CSK
2019_60,149.0,148.0,,,,,2019,Rajiv Gandhi Intl. Stadium,bat,MI
2020_01,162.0,166.0,,,,,2020,Sheikh Zayed Stadium,field,CSK
2020_02,157.0,157.0,2.0,3.0,,,2020,Dubai Intl. Cricket Stadium,field,
2020_03,163.0,153.0,,,,,2020,Dubai Intl. Cricket Stadium,field,RCB
2020_04,216.0,200.0,,,,,2020,Sharjah Cricket Stadium,field,RR
2020_05,195.0,146.0,,,,,2020,Sheikh Zayed Stadium,field,MI
2020_06,206.0,109.0,,,,,2020,Dubai Intl. Cricket Stadium,field,KXIP
2020_07,175.0,131.0,,,,,2020,Dubai Intl. Cricket Stadium,field,DC
2020_08,142.0,145.0,,,,,2020,Sheikh Zayed Stadium,bat,KKR
2020_09,223.0,226.0,,,,,2020,Sharjah Cricket Stadium,field,RR
2020_10,201.0,201.0,7.0,11.0,,,2020,Dubai Intl. Cricket Stadium,field,
2020_11,162.0,147.0,,,,,2020,Sheikh Zayed Stadium,field,SRH
2020_12,174.0,137.0,,,,,2020,Dubai Intl. Cricket Stadium,field,KKR
2020_13,191.0,143.0,,,,,2020,Sheikh Zayed Stadium,field,MI
2020_14,164.0,157.0,,,,,2020,Dubai Intl. Cricket Stadium,bat,SRH
2020_15,228.0,210.0,,,,,2020,Sharjah Cricket Stadium,field,DC
2020_16,154.0,158.0,,,,,2020,Sheikh Zayed Stadium,bat,RCB
2020_17,208.0,174.0,,,,,2020,Sharjah Cricket Stadium,bat,MI
2020_18,178.0,181.0,,,,,2020,Dubai Intl. Cricket Stadium,bat,CSK
2020_19,196.0,137.0,,,,,2020,Dubai Intl. Cricket Stadium,field,DC
2020_20,193.0,136.0,,,,,2020,Sheikh Zayed Stadium,bat,MI
2020_21,167.0,157.0,,,,,2020,Sheikh Zayed Stadium,bat,KKR
2020_22,201.0,132.0,,,,,2020,Dubai Intl. Cricket Stadium,bat,SRH
2020_23,184.0,138.0,,,,,2020,Sharjah Cricket Stadium,field,DC
2020_24,164.0,162.0,,,,,2020,Sheikh Zayed Stadium,bat,KKR
2020_25,169.0,132.0,,,,,2020,Dubai Intl. Cricket Stadium,bat,RCB
2020_26,158.0,163.0,,,,,2020,Dubai Intl. Cricket Stadium,bat,RR
2020_27,162.0,166.0,,,,,2020,Sheikh Zayed Stadium,bat,MI
2020_28,194.0,112.0,,,,,2020,Sharjah Cricket Stadium,bat,RCB
2020_29,167.0,147.0,,,,,2020,Dubai Intl. Cricket Stadium,bat,CSK
2020_30,161.0,148.0,,,,,2020,Dubai Intl. Cricket Stadium,bat,DC
2020_31,171.0,177.0,,,,,2020,Sharjah Cricket Stadium,bat,KXIP
2020_32,148.0,149.0,,,,,2020,Sheikh Zayed Stadium,bat,MI
2020_33,177.0,179.0,,,,,2020,Dubai Intl. Cricket Stadium,bat,RCB
2020_34,179.0,185.0,,,,,2020,Sharjah Cricket Stadium,bat,DC
2020_35,176.0,176.0,5.0,5.0,11.0,15.0,2020,Dubai Intl. Cricket Stadium,bat,
2020_36,163.0,163.0,2.0,3.0,,,2020,Sheikh Zayed Stadium,field,
2020_37,125.0,126.0,,,,,2020,Sheikh Zayed Stadium,bat,RR
2020_38,164.0,167.0,,,,,2020,Dubai Intl. Cricket Stadium,bat,KXIP
2020_39,84.0,85.0,,,,,2020,Sheikh Zayed Stadium,bat,RCB
2020_40,154.0,156.0,,,,,2020,Dubai Intl. Cricket Stadium,field,SRH
2020_41,114.0,116.0,,,,,2020,Sharjah Cricket Stadium,field,MI
2020_42,194.0,135.0,,,,,2020,Sheikh Zayed Stadium,field,KKR
2020_43,126.0,114.0,,,,,2020,Dubai Intl. Cricket Stadium,field,KXIP
2020_44,145.0,150.0,,,,,2020,Dubai Intl. Cricket Stadium,bat,CSK
2020_45,195.0,196.0,,,,,2020,Sheikh Zayed Stadium,bat,RR
2020_46,149.0,150.0,,,,,2020,Sharjah Cricket Stadium,field,KXIP
2020_47,219.0,131.0,,,,,2020,Dubai Intl. Cricket Stadium,field,SRH
2020_48,164.0,166.0,,,,,2020,Sheikh Zayed Stadium,field,MI
2020_49,172.0,178.0,,,,,2020,Dubai Intl. Cricket Stadium,field,CSK
2020_50,185.0,186.0,,,,,2020,Sheikh Zayed Stadium,field,RR
2020_51,120.0,121.0,,,,,2020,Sharjah Cricket Stadium,field,SRH
2020_52,110.0,111.0,,,,,2020,Dubai Intl. Cricket Stadium,field,MI
2020_53,191.0,131.0,,,,,2020,Dubai Intl. Cricket Stadium,field,KKR
2020_54,153.0,154.0,,,,,2020,Sheikh Zayed Stadium,field,CSK
2020_55,152.0,154.0,,,,,2020,Sheikh Zayed Stadium,field,DC
2020_56,149.0,151.0,,,,,2020,Sharjah Cricket Stadium,field,SRH
2020_57,200.0,143.0,,,,,2020,Dubai Intl. Cricket Stadium,field,MI
2020_58,131.0,132.0,,,,,2020,Sheikh Zayed Stadium,field,SRH
2020_59,189.0,172.0,,,,,2020,Sheikh Zayed Stadium,bat,DC
2020_60,156.0,157.0,,,,,2020,Dubai Intl. Cricket Stadium,bat,MI
2021_01,159.0,160.0,,,,,2021,MA Chidambaram Stadium,field,RCB
2021_02,188.0,190.0,,,,,2021,Wankhede Stadium,field,DC
2021_03,187.0,177.0,,,,,2021,MA Chidambaram Stadium,field,KKR
2021_04,221.0,217.0,,,,,2021,Wankhede Stadium,field,PBKS
2021_05,152.0,142.0,,,,,2021,MA Chidambaram Stadium,field,MI
2021_06,149.0,143.0,,,,,2021,MA Chidambaram Stadium,field,RCB
2021_07,147.0,150.0,,,,,2021,Wankhede Stadium,field,RR
2021_08,106.0,107.0,,,,,2021,Wankhede Stadium,field,CSK
2021_09,150.0,137.0,,,,,2021,MA Chidambaram Stadium,bat,MI
2021_10,204.0,166.0,,,,,2021,MA Chidambaram Stadium,bat,RCB
2021_11,195.0,198.0,,,,,2021,Wankhede Stadium,field,DC
2021_12,188.0,143.0,,,,,2021,Wankhede Stadium,field,CSK
2021_13,137.0,138.0,,,,,2021,MA Chidambaram Stadium,bat,DC
2021_14,220.0,202.0,,,,,2021,Wankhede Stadium,field,CSK
2021_15,120.0,121.0,,,,,2021,MA Chidambaram Stadium,bat,SRH
2021_16,177.0,181.0,,,,,2021,Wankhede Stadium,field,RCB
2021_17,131.0,132.0,,,,,2021,MA Chidambaram Stadium,field,PBKS
2021_18,133.0,134.0,,,,,2021,Wankhede Stadium,field,RR
2021_19,159.0,159.0,7.0,8.0,,,2021,MA Chidambaram Stadium,bat,
2021_20,191.0,122.0,,,,,2021,Wankhede Stadium,bat,CSK
2021_21,123.0,126.0,,,,,2021,Narendra Modi Stadium,field,KKR
2021_22,171.0,170.0,,,,,2021,Narendra Modi Stadium,field,RCB
2021_23,171.0,173.0,,,,,2021,Arun Jaitley Stadium,bat,CSK
2021_24,154.0,156.0,,,,,2021,Narendra Modi Stadium,field,DC
2021_25,171.0,172.0,,,,,2021,Arun Jaitley Stadium,field,MI
2021_26,179.0,145.0,,,,,2021,Narendra Modi Stadium,field,PBKS
2021_27,218.0,219.0,,,,,2021,Arun Jaitley Stadium,field,MI
2021_28,220.0,165.0,,,,,2021,Arun Jaitley Stadium,field,RR
2021_29,166.0,167.0,,,,,2021,Narendra Modi Stadium,field,DC
2021_30,156.0,136.0,,,,,2021,Dubai Intl. Cricket Stadium,bat,CSK
2021_31,92.0,94.0,,,,,2021,Sheikh Zayed Stadium,bat,KKR
2021_32,185.0,183.0,,,,,2021,Dubai Intl. Cricket Stadium,field,RR
2021_33,134.0,139.0,,,,,2021,Dubai Intl. Cricket Stadium,bat,DC
2021_34,155.0,159.0,,,,,2021,Sheikh Zayed Stadium,field,KKR
2021_35,156.0,157.0,,,,,2021,Sharjah Cricket Stadium,field,CSK
2021_36,125.0,120.0,,,,,2021,Sharjah Cricket Stadium,field,PBKS
2021_37,154.0,121.0,,,,,2021,Sheikh Zayed Stadium,field,DC
2021_38,165.0,111.0,,,,,2021,Dubai Intl. Cricket Stadium,field,RCB
2021_39,171.0,172.0,,,,,2021,Sheikh Zayed Stadium,bat,CSK
2021_40,164.0,167.0,,,,,2021,Dubai Intl. Cricket Stadium,bat,SRH
2021_41,135.0,137.0,,,,,2021,Sheikh Zayed Stadium,field,MI
2021_42,127.0,130.0,,,,,2021,Sharjah Cricket Stadium,field,KKR
2021_43,149.0,153.0,,,,,2021,Dubai Intl. Cricket Stadium,field,RCB
2021_44,134.0,139.0,,,,,2021,Sharjah Cricket Stadium,field,CSK
2021_45,165.0,168.0,,,,,2021,Dubai Intl. Cricket Stadium,field,PBKS
2021_46,129.0,132.0,,,,,2021,Sharjah Cricket Stadium,field,DC
2021_47,189.0,190.0,,,,,2021,Sheikh Zayed Stadium,field,RR
2021_48,115.0,119.0,,,,,2021,Dubai Intl. Cricket Stadium,bat,KKR
2021_49,164.0,158.0,,,,,2021,Sharjah Cricket Stadium,bat,RCB
2021_50,136.0,139.0,,,,,2021,Dubai Intl. Cricket Stadium,field,DC
2021_51,90.0,94.0,,,,,2021,Sharjah Cricket Stadium,field,MI
2021_52,141.0,137.0,,,,,2021,Sheikh Zayed Stadium,field,SRH
2021_53,134.0,139.0,,,,,2021,Dubai Intl. Cricket Stadium,field,PBKS
2021_54,171.0,85.0,,,,,2021,Sharjah Cricket Stadium,field,KKR
2021_55,235.0,193.0,,,,,2021,Sheikh Zayed Stadium,bat,MI
2021_56,164.0,166.0,,,,,2021,Dubai Intl. Cricket Stadium,field,RCB
2021_57,172.0,173.0,,,,,2021,Dubai Intl. Cricket Stadium,field,CSK
2021_58,138.0,139.0,,,,,2021,Sharjah Cricket Stadium,bat,KKR
2021_59,135.0,136.0,,,,,2021,Sharjah Cricket Stadium,field,KKR
2021_60,192.0,165.0,,,,,2021,Dubai Intl. Cricket Stadium,field,CSK
2022_01,131.0,133.0,,,,,2022,Wankhede Stadium,field,KKR
2022_02,205.0,208.0,,,,,2022,Dr DY Patil Sports Academy,field,PBKS
2022_03,177.0,179.0,,,,,2022,Brabourne Stadium,field,DC
2022_04,158.0,161.0,,,,,2022,Wankhede Stadium,field,GT
2022_05,210.0,149.0,,,,,2022,"MCA Stadium, Pune",field,RR
2022_06,128.0,132.0,,,,,2022,Dr DY Patil Sports Academy,field,RCB
2022_07,210.0,211.0,,,,,2022,Brabourne Stadium,field,LSG
2022_08,137.0,141.0,,,,,2022,Wankhede Stadium,field,KKR
2022_09,193.0,170.0,,,,,2022,Dr DY Patil Sports Academy,field,RR
2022_10,171.0,157.0,,,,,2022,"MCA Stadium, Pune",field,GT
2022_11,180.0,126.0,,,,,2022,Brabourne Stadium,field,PBKS
2022_12,169.0,157.0,,,,,2022,Dr DY Patil Sports Academy,field,LSG
2022_13,169.0,173.0,,,,,2022,Wankhede Stadium,field,RCB
2022_14,161.0,162.0,,,,,2022,"MCA Stadium, Pune",field,KKR
2022_15,149.0,155.0,,,,,2022,Dr DY Patil Sports Academy,field,LSG
2022_16,189.0,190.0,,,,,2022,Brabourne Stadium,field,GT
2022_17,154.0,155.0,,,,,2022,Dr DY Patil Sports Academy,field,SRH
2022_18,151.0,152.0,,,,,2022,"MCA Stadium, Pune",field,RCB
2022_19,215.0,171.0,,,,,2022,Brabourne Stadium,field,DC
2022_20,165.0,162.0,,,,,2022,Wankhede Stadium,field,RR
2022_21,162.0,168.0,,,,,2022,Dr DY Patil Sports Academy,field,SRH
2022_22,216.0,193.0,,,,,2022,Dr DY Patil Sports Academy,field,CSK
2022_23,198.0,186.0,,,,,2022,"MCA Stadium, Pune",field,PBKS
2022_24,192.0,155.0,,,,,2022,Dr DY Patil Sports Academy,field,GT
2022_25,175.0,176.0,,,,,2022,Brabourne Stadium,field,SRH
2022_26,199.0,181.0,,,,,2022,Brabourne Stadium,field,LSG
2022_27,189.0,173.0,,,,,2022,Wankhede Stadium,field,RCB
2022_28,169.0,170.0,,,,,2022,"MCA Stadium, Pune",field,GT
2022_29,151.0,152.0,,,,,2022,Dr DY Patil Sports Academy,field,SRH
2022_30,217.0,210.0,,,,,2022,Brabourne Stadium,field,RR
2022_31,181.0,163.0,,,,,2022,Dr DY Patil Sports Academy,field,RCB
2022_32,115.0,119.0,,,,,2022,Brabourne Stadium,field,DC
2022_33,155.0,156.0,,,,,2022,Dr DY Patil Sports Academy,field,CSK
2022_34,222.0,207.0,,,,,2022,Wankhede Stadium,field,RR
2022_35,156.0,148.0,,,,,2022,Dr DY Patil Sports Academy,bat,GT
2022_36,68.0,72.0,,,,,2022,Brabourne Stadium,field,SRH
2022_37,168.0,132.0,,,,,2022,Wankhede Stadium,field,LSG
2022_38,187.0,176.0,,,,,2022,Wankhede Stadium,field,PBKS
2022_39,144.0,115.0,,,,,2022,"MCA Stadium, Pune",field,RR
2022_40,195.0,199.0,,,,,2022,Wankhede Stadium,field,GT
2022_41,146.0,150.0,,,,,2022,Wankhede Stadium,field,DC
2022_42,153.0,133.0,,,,,2022,"MCA Stadium, Pune",field,LSG
2022_43,158.0,161.0,,,,,2022,Dr DY Patil Sports Academy,field,MI
2022_44,170.0,174.0,,,,,2022,Brabourne Stadium,bat,GT
2022_45,202.0,189.0,,,,,2022,"MCA Stadium, Pune",field,CSK
2022_46,195.0,189.0,,,,,2022,Wankhede Stadium,bat,LSG
2022_47,152.0,158.0,,,,,2022,Wankhede Stadium,field,KKR
2022_48,143.0,145.0,,,,,2022,Dr DY Patil Sports Academy,bat,PBKS
2022_49,173.0,160.0,,,,,2022,"MCA Stadium, Pune",field,RCB
2022_50,207.0,186.0,,,,,2022,Brabourne Stadium,field,DC
2022_51,177.0,172.0,,,,,2022,Brabourne Stadium,field,MI
2022_52,189.0,190.0,,,,,2022,Wankhede Stadium,bat,RR
2022_53,176.0,101.0,,,,,2022,"MCA Stadium, Pune",field,LSG
2022_54,192.0,125.0,,,,,2022,Wankhede Stadium,bat,RCB
2022_55,208.0,117.0,,,,,2022,Dr DY Patil Sports Academy,field,CSK
2022_56,165.0,113.0,,,,,2022,Dr DY Patil Sports Academy,field,KKR
2022_57,144.0,82.0,,,,,2022,"MCA Stadium, Pune",bat,GT
2022_58,160.0,161.0,,,,,2022,Dr DY Patil Sports Academy,field,DC
2022_59,97.0,103.0,,,,,2022,Wankhede Stadium,field,MI
2022_60,209.0,155.0,,,,,2022,Brabourne Stadium,field,PBKS
2022_61,177.0,123.0,,,,,2022,"MCA Stadium, Pune",bat,KKR
2022_62,133.0,137.0,,,,,2022,Wankhede Stadium,bat,GT
2022_63,178.0,154.0,,,,,2022,Brabourne Stadium,bat,RR
2022_64,159.0,142.0,,,,,2022,Dr DY Patil Sports Academy,field,DC
2022_65,193.0,190.0,,,,,2022,Wankhede Stadium,field,SRH
2022_66,210.0,208.0,,,,,2022,Dr DY Patil Sports Academy,bat,LSG
2022_67,168.0,170.0,,,,,2022,Wankhede Stadium,bat,RCB
2022_68,150.0,151.0,,,,,2022,Brabourne Stadium,bat,RR
2022_69,159.0,160.0,,,,,2022,Wankhede Stadium,field,MI
2022_70,157.0,160.0,,,,,2022,Wankhede Stadium,bat,PBKS
2022_71,188.0,191.0,,,,,2022,Eden Gardens,field,GT
2022_72,207.0,193.0,,,,,2022,Eden Gardens,field,RCB
2022_73,157.0,161.0,,,,,2022,Narendra Modi Stadium,field,RR
2022_74,130.0,133.0,,,,,2022,Narendra Modi Stadium,bat,GT
2023_01,178.0,182.0,,,,,2023,Narendra Modi Stadium,field,GT
2023_02,191.0,146.0,,,,,2023,PCA IS Bindra Stadium,field,PBKS
2023_03,193.0,143.0,,,,,2023,BRSABV Ekana Stadium,field,LSG
2023_04,203.0,131.0,,,,,2023,Rajiv Gandhi Intl. Stadium,field,RR
2023_05,171.0,172.0,,,,,2023,M. Chinnaswamy Stadium,field,RCB
2023_06,217.0,205.0,,,,,2023,MA Chidambaram Stadium,field,CSK
2023_07,162.0,163.0,,,,,2023,Arun Jaitley Stadium,field,GT
2023_08,197.0,192.0,,,,,2023,Barsapara Stadium,field,PBKS
2023_09,204.0,123.0,,,,,2023,Eden Gardens,field,KKR
2023_10,121.0,127.0,,,,,2023,BRSABV Ekana Stadium,bat,LSG
2023_11,157.0,159.0,,,,,2023,Wankhede Stadium,field,CSK
2023_12,199.0,142.0,,,,,2023,Barsapara Stadium,field,RR
2023_13,204.0,207.0,,,,,2023,Narendra Modi Stadium,bat,KKR
2023_14,143.0,145.0,,,,,2023,Rajiv Gandhi Intl. Stadium,field,SRH
2023_15,212.0,213.0,,,,,2023,M. Chinnaswamy Stadium,field,LSG
2023_16,172.0,173.0,,,,,2023,Arun Jaitley Stadium,field,MI
2023_17,175.0,172.0,,,,,2023,MA Chidambaram Stadium,field,RR
2023_18,153.0,154.0,,,,,2023,PCA IS Bindra Stadium,field,GT
2023_19,228.0,205.0,,,,,2023,Eden Gardens,field,SRH
2023_20,159.0,161.0,,,,,2023,BRSABV Ekana Stadium,field,PBKS
2023_21,174.0,151.0,,,,,2023,M. Chinnaswamy Stadium,field,RCB
2023_22,177.0,179.0,,,,,2023,Narendra Modi Stadium,field,RR
2023_23,185.0,186.0,,,,,2023,Wankhede Stadium,field,MI
2023_24,226.0,218.0,,,,,2023,M. Chinnaswamy Stadium,field,CSK
2023_25,192.0,178.0,,,,,2023,Rajiv Gandhi Intl. Stadium,field,MI
2023_26,154.0,144.0,,,,,2023,Sawai Mansingh Stadium,field,LSG
2023_27,127.0,128.0,,,,,2023,Arun Jaitley Stadium,field,DC
2023_28,174.0,150.0,,,,,2023,PCA IS Bindra Stadium,field,RCB
2023_29,134.0,138.0,,,,,2023,MA Chidambaram Stadium,field,CSK
2023_30,214.0,201.0,,,,,2023,Wankhede Stadium,field,PBKS
2023_31,135.0,128.0,,,,,2023,BRSABV Ekana Stadium,bat,GT
2023_32,235.0,186.0,,,,,2023,Eden Gardens,field,CSK
2023_33,189.0,182.0,,,,,2023,M. Chinnaswamy Stadium,field,RCB
2023_34,144.0,137.0,,,,,2023,Rajiv Gandhi Intl. Stadium,bat,DC
2023_35,207.0,152.0,,,,,2023,Narendra Modi Stadium,field,GT
2023_36,200.0,179.0,,,,,2023,M. Chinnaswamy Stadium,field,KKR
2023_37,202.0,170.0,,,,,2023,Sawai Mansingh Stadium,bat,RR
2023_38,257.0,201.0,,,,,2023,PCA IS Bindra Stadium,field,LSG
2023_39,197.0,188.0,,,,,2023,Arun Jaitley Stadium,bat,SRH
2023_40,179.0,180.0,,,,,2023,Eden Gardens,field,GT
2023_41,212.0,214.0,,,,,2023,Wankhede Stadium,bat,MI
2023_42,200.0,201.0,,,,,2023,MA Chidambaram Stadium,bat,PBKS
2023_43,126.0,108.0,,,,,2023,BRSABV Ekana Stadium,bat,RCB
2023_44,130.0,125.0,,,,,2023,Narendra Modi Stadium,bat,DC
2023_45,125.0,,,,,,2023,BRSABV Ekana Stadium,field,
2023_46,214.0,216.0,,,,,2023,PCA IS Bindra Stadium,field,MI
2023_47,171.0,166.0,,,,,2023,Rajiv Gandhi Intl. Stadium,bat,KKR
2023_48,118.0,119.0,,,,,2023,Sawai Mansingh Stadium,bat,GT
2023_49,139.0,140.0,,,,,2023,MA Chidambaram Stadium,field,CSK
2023_50,181.0,187.0,,,,,2023,Arun Jaitley Stadium,bat,DC
2023_51,214.0,217.0,,,,,2023,Sawai Mansingh Stadium,bat,SRH
2023_52,227.0,171.0,,,,,2023,Narendra Modi Stadium,field,GT
2023_53,179.0,182.0,,,,,2023,Eden Gardens,bat,KKR
2023_54,199.0,200.0,,,,,2023,Wankhede Stadium,field,MI
2023_55,167.0,140.0,,,,,2023,MA Chidambaram Stadium,bat,CSK
2023_56,149.0,151.0,,,,,2023,Eden Gardens,field,RR
2023_57,218.0,191.0,,,,,2023,Wankhede Stadium,field,MI
2023_58,167.0,136.0,,,,,2023,Arun Jaitley Stadium,field,PBKS
2023_59,182.0,185.0,,,,,2023,Rajiv Gandhi Intl. Stadium,bat,LSG
2023_60,144.0,147.0,,,,,2023,MA Chidambaram Stadium,bat,KKR
2023_61,171.0,59.0,,,,,2023,Sawai Mansingh Stadium,bat,RCB
2023_62,188.0,154.0,,,,,2023,Narendra Modi Stadium,field,GT
2023_63,177.0,172.0,,,,,2023,BRSABV Ekana Stadium,field,LSG
2023_64,213.0,198.0,,,,,2023,HPCA Stadium,field,DC
2023_65,186.0,187.0,,,,,2023,Rajiv Gandhi Intl. Stadium,field,RCB
2023_66,187.0,189.0,,,,,2023,HPCA Stadium,field,RR
2023_67,223.0,146.0,,,,,2023,Arun Jaitley Stadium,bat,CSK
2023_68,176.0,175.0,,,,,2023,Eden Gardens,field,LSG
2023_69,200.0,201.0,,,,,2023,Wankhede Stadium,field,MI
2023_70,197.0,198.0,,,,,2023,M. Chinnaswamy Stadium,field,GT
2023_71,172.0,157.0,,,,,2023,MA Chidambaram Stadium,field,CSK
2023_72,182.0,101.0,,,,,2023,MA Chidambaram Stadium,bat,MI
2023_73,233.0,171.0,,,,,2023,Narendra Modi Stadium,field,GT
2023_74,214.0,171.0,,,,,2023,Narendra Modi Stadium,field,CSK
2024_01,173.0,176.0,,,,,2024,MA Chidambaram Stadium,bat,CSK
2024_02,208.0,204.0,,,,,2024,Eden Gardens,field,KKR
2024_03,174.0,177.0,,,,,2024,Maharaja Yadvindra Cricket Stadium,field,PBKS
2024_04,168.0,162.0,,,,,2024,Narendra Modi Stadium,field,GT
2024_05,193.0,173.0,,,,,2024,Sawai Mansingh Stadium,bat,RR
2024_06,176.0,178.0,,,,,2024,M. Chinnaswamy Stadium,field,RCB
2024_07,206.0,143.0,,,,,2024,MA Chidambaram Stadium,field,CSK
2024_08,277.0,246.0,,,,,2024,Rajiv Gandhi Intl. Stadium,field,SRH
2024_09,185.0,173.0,,,,,2024,Sawai Mansingh Stadium,field,RR
2024_10,182.0,186.0,,,,,2024,M. Chinnaswamy Stadium,field,KKR
2024_11,199.0,178.0,,,,,2024,BRSABV Ekana Stadium,bat,LSG
2024_12,191.0,171.0,,,,,2024,ACA-VDCA Stadium,bat,DC
2024_13,162.0,168.0,,,,,2024,Narendra Modi Stadium,bat,GT
2024_14,125.0,127.0,,,,,2024,Wankhede Stadium,field,RR
2024_15,181.0,153.0,,,,,2024,M. Chinnaswamy Stadium,field,LSG
2024_16,272.0,166.0,,,,,2024,ACA-VDCA Stadium,bat,KKR
2024_17,199.0,200.0,,,,,2024,Narendra Modi Stadium,field,PBKS
2024_18,165.0,166.0,,,,,2024,Rajiv Gandhi Intl. Stadium,field,SRH
2024_19,183.0,189.0,,,,,2024,Sawai Mansingh Stadium,field,RR
2024_20,163.0,130.0,,,,,2024,BRSABV Ekana Stadium,bat,LSG
2024_21,234.0,205.0,,,,,2024,Wankhede Stadium,field,MI
2024_22,137.0,141.0,,,,,2024,MA Chidambaram Stadium,field,CSK
2024_23,182.0,180.0,,,,,2024,Maharaja Yadvindra Cricket Stadium,field,SRH
2024_24,196.0,199.0,,,,,2024,Sawai Mansingh Stadium,field,GT
2024_25,196.0,199.0,,,,,2024,Wankhede Stadium,field,MI
2024_26,167.0,170.0,,,,,2024,BRSABV Ekana Stadium,bat,DC
2024_27,147.0,152.0,,,,,2024,Maharaja Yadvindra Cricket Stadium,field,RR
2024_28,206.0,186.0,,,,,2024,Wankhede Stadium,field,CSK
2024_29,161.0,162.0,,,,,2024,Eden Gardens,field,KKR
2024_30,287.0,262.0,,,,,2024,M. Chinnaswamy Stadium,field,SRH
2024_31,223.0,224.0,,,,,2024,Eden Gardens,field,RR
2024_32,89.0,92.0,,,,,2024,Narendra Modi Stadium,field,DC
2024_33,192.0,183.0,,,,,2024,Maharaja Yadvindra Cricket Stadium,field,MI
2024_34,176.0,180.0,,,,,2024,BRSABV Ekana Stadium,field,LSG
2024_35,266.0,199.0,,,,,2024,Arun Jaitley Stadium,field,SRH
2024_36,222.0,221.0,,,,,2024,Eden Gardens,field,KKR
2024_37,142.0,146.0,,,,,2024,Maharaja Yadvindra Cricket Stadium,bat,GT
2024_38,179.0,183.0,,,,,2024,Sawai Mansingh Stadium,bat,RR
2024_39,210.0,213.0,,,,,2024,MA Chidambaram Stadium,field,LSG
2024_40,224.0,220.0,,,,,2024,Arun Jaitley Stadium,field,DC
2024_41,206.0,171.0,,,,,2024,Rajiv Gandhi Intl. Stadium,bat,RCB
2024_42,261.0,262.0,,,,,2024,Eden Gardens,field,PBKS
2024_43,196.0,199.0,,,,,2024,BRSABV Ekana Stadium,field,RR
2024_44,257.0,247.0,,,,,2024,Arun Jaitley Stadium,field,DC
2024_45,200.0,206.0,,,,,2024,Narendra Modi Stadium,field,RCB
2024_46,212.0,134.0,,,,,2024,MA Chidambaram Stadium,field,CSK
2024_47,153.0,157.0,,,,,2024,Eden Gardens,bat,KKR
2024_48,144.0,145.0,,,,,2024,BRSABV Ekana Stadium,field,LSG
2024_49,162.0,163.0,,,,,2024,MA Chidambaram Stadium,field,PBKS
2024_50,201.0,200.0,,,,,2024,Rajiv Gandhi Intl. Stadium,bat,SRH
2024_51,169.0,145.0,,,,,2024,Wankhede Stadium,field,KKR
2024_52,147.0,152.0,,,,,2024,M. Chinnaswamy Stadium,field,RCB
2024_53,167.0,139.0,,,,,2024,HPCA Stadium,field,CSK
2024_54,235.0,137.0,,,,,2024,BRSABV Ekana Stadium,field,KKR
2024_55,173.0,174.0,,,,,2024,Wankhede Stadium,field,MI
2024_56,221.0,201.0,,,,,2024,Arun Jaitley Stadium,field,DC
2024_57,165.0,167.0,,,,,2024,Rajiv Gandhi Intl. Stadium,bat,SRH
2024_58,241.0,181.0,,,,,2024,HPCA Stadium,field,RCB
2024_59,231.0,196.0,,,,,2024,Narendra Modi Stadium,field,GT
2024_60,157.0,139.0,,,,,2024,Eden Gardens,field,KKR
2024_61,187.0,140.0,,,,,2024,M. Chinnaswamy Stadium,field,RCB
2024_62,141.0,145.0,,,,,2024,MA Chidambaram Stadium,bat,CSK
2024_63,208.0,189.0,,,,,2024,Arun Jaitley Stadium,field,DC
2024_64,144.0,145.0,,,,,2024,Barsapara Stadium,bat,PBKS
2024_65,214.0,196.0,,,,,2024,Wankhede Stadium,field,LSG
2024_66,218.0,191.0,,,,,2024,M. Chinnaswamy Stadium,field,RCB
2024_67,214.0,215.0,,,,,2024,Rajiv Gandhi Intl. Stadium,bat,SRH
2024_68,159.0,164.0,,,,,2024,Narendra Modi Stadium,bat,KKR
2024_69,172.0,174.0,,,,,2024,Narendra Modi Stadium,field,RR
2024_70,175.0,139.0,,,,,2024,MA Chidambaram Stadium,field,SRH
2024_71,113.0,114.0,,,,,2024,MA Chidambaram Stadium,bat,KKR
