batter,phase,runs,balls,dismissals,batting_strike_rate,batting_average
A Ashish Reddy,Powerplay,0,2,0,0.0,0.0
A Ashish Reddy,Middle Overs,66,46,1,143.47826086956522,66.0
A Ashish Reddy,Death Overs,214,148,14,144.5945945945946,15.285714285714286
A Badoni,Powerplay,12,29,3,41.37931034482759,4.0
A Badoni,Middle Overs,242,219,9,110.50228310502284,26.88888888888889
A Badoni,Death Overs,380,257,14,147.85992217898834,27.142857142857142
A Chandila,Powerplay,0,0,0,,0.0
A Chandila,Middle Overs,0,0,0,,0.0
A Chandila,Death Overs,4,7,1,57.14285714285714,4.0
A Chopra,Powerplay,18,32,1,56.25,18.0
A Chopra,Middle Overs,34,41,3,82.92682926829268,11.333333333333334
A Chopra,Death Overs,1,2,1,50.0,1.0
A Choudhary,Powerplay,0,0,0,,0.0
A Choudhary,Middle Overs,0,0,0,,0.0
A Choudhary,Death Overs,25,20,2,125.0,12.5
A Dananjaya,Powerplay,0,0,0,,0.0
A Dananjaya,Middle Overs,0,0,0,,0.0
A Dananjaya,Death Overs,4,5,0,80.0,4.0
A Flintoff,Powerplay,14,11,0,127.27272727272727,14.0
A Flintoff,Middle Overs,23,28,1,82.14285714285714,23.0
A Flintoff,Death Overs,25,18,1,138.88888888888889,25.0
A Kamboj,Powerplay,0,0,0,,0.0
A Kamboj,Middle Overs,0,0,0,,0.0
A Kamboj,Death Overs,2,2,0,100.0,2.0
A Kumble,Powerplay,0,0,0,,0.0
A Kumble,Middle Overs,1,5,0,20.0,1.0
A Kumble,Death Overs,34,44,2,77.27272727272727,17.0
A Manohar,Powerplay,12,12,1,100.0,12.0
A Manohar,Middle Overs,114,101,5,112.87128712871286,22.8
A Manohar,Death Overs,105,68,8,154.41176470588235,13.125
A Mishra,Powerplay,0,1,0,0.0,0.0
A Mishra,Middle Overs,121,175,6,69.14285714285714,20.166666666666668
A Mishra,Death Overs,260,264,25,98.48484848484848,10.4
A Mithun,Powerplay,0,0,0,,0.0
A Mithun,Middle Overs,15,12,1,125.0,15.0
A Mithun,Death Overs,19,14,4,135.71428571428572,4.75
A Mukund,Powerplay,10,13,0,76.92307692307693,10.0
A Mukund,Middle Overs,9,9,1,100.0,9.0
A Mukund,Death Overs,0,1,1,0.0,0.0
A Nehra,Powerplay,0,0,0,,0.0
A Nehra,Middle Overs,0,0,0,,0.0
A Nehra,Death Overs,41,63,8,65.07936507936508,5.125
A Nortje,Powerplay,0,0,0,,0.0
A Nortje,Middle Overs,0,0,0,,0.0
A Nortje,Death Overs,49,51,5,96.07843137254902,9.8
A Raghuvanshi,Powerplay,68,40,2,170.0,34.0
A Raghuvanshi,Middle Overs,95,68,4,139.70588235294116,23.75
A Raghuvanshi,Death Overs,0,1,1,0.0,0.0
A Singh,Powerplay,0,0,0,,0.0
A Singh,Middle Overs,0,2,1,0.0,0.0
A Singh,Death Overs,2,8,3,25.0,0.6666666666666666
A Symonds,Powerplay,31,32,0,96.875,31.0
A Symonds,Middle Overs,650,552,14,117.75362318840578,46.42857142857143
A Symonds,Death Overs,293,197,12,148.73096446700507,24.416666666666668
A Tomar,Powerplay,4,8,1,50.0,4.0
A Tomar,Middle Overs,0,0,0,,0.0
A Tomar,Death Overs,0,0,0,,0.0
A Uniyal,Powerplay,0,0,0,,0.0
A Uniyal,Middle Overs,0,0,0,,0.0
A Uniyal,Death Overs,4,7,1,57.14285714285714,4.0
A Zampa,Powerplay,0,0,0,,0.0
A Zampa,Middle Overs,9,14,1,64.28571428571429,9.0
A Zampa,Death Overs,6,11,4,54.54545454545454,1.5
AA Bilakhia,Powerplay,21,29,0,72.41379310344827,21.0
AA Bilakhia,Middle Overs,12,25,3,48.0,4.0
AA Bilakhia,Death Overs,36,34,2,105.88235294117648,18.0
AA Chavan,Powerplay,0,0,0,,0.0
AA Chavan,Middle Overs,1,3,0,33.33333333333333,1.0
AA Chavan,Death Overs,11,8,1,137.5,11.0
AA Jhunjhunwala,Powerplay,10,23,0,43.47826086956522,10.0
AA Jhunjhunwala,Middle Overs,138,142,6,97.1830985915493,23.0
AA Jhunjhunwala,Death Overs,69,53,8,130.18867924528303,8.625
AA Kulkarni,Powerplay,9,8,2,112.5,4.5
AA Kulkarni,Middle Overs,0,0,0,,0.0
AA Kulkarni,Death Overs,0,0,0,,0.0
AA Noffke,Powerplay,0,0,0,,0.0
AA Noffke,Middle Overs,9,12,1,75.0,9.0
AA Noffke,Death Overs,0,0,0,,0.0
AB Agarkar,Powerplay,20,15,1,133.33333333333331,20.0
AB Agarkar,Middle Overs,34,47,2,72.3404255319149,17.0
AB Agarkar,Death Overs,125,98,5,127.55102040816327,25.0
AB Barath,Powerplay,13,11,0,118.18181818181819,13.0
AB Barath,Middle Overs,27,27,2,100.0,13.5
AB Barath,Death Overs,2,5,0,40.0,2.0
AB Dinda,Powerplay,0,0,0,,0.0
AB Dinda,Middle Overs,6,9,1,66.66666666666666,6.0
AB Dinda,Death Overs,20,41,8,48.78048780487805,2.5
AB McDonald,Powerplay,26,16,0,162.5,26.0
AB McDonald,Middle Overs,17,19,2,89.47368421052632,8.5
AB McDonald,Death Overs,80,68,3,117.64705882352942,26.666666666666668
AB de Villiers,Powerplay,513,448,18,114.50892857142858,28.5
AB de Villiers,Middle Overs,2800,2172,67,128.9134438305709,41.791044776119406
AB de Villiers,Death Overs,1868,867,40,215.4555940023068,46.7
AC Blizzard,Powerplay,89,72,5,123.61111111111111,17.8
AC Blizzard,Middle Overs,31,19,2,163.1578947368421,15.5
AC Blizzard,Death Overs,0,0,0,,0.0
AC Gilchrist,Powerplay,1163,959,44,121.27215849843587,26.431818181818183
AC Gilchrist,Middle Overs,843,564,31,149.468085106383,27.193548387096776
AC Gilchrist,Death Overs,63,32,1,196.875,63.0
AC Thomas,Powerplay,0,0,0,,0.0
AC Thomas,Middle Overs,0,0,0,,0.0
AC Thomas,Death Overs,20,19,2,105.26315789473684,10.0
AC Voges,Powerplay,2,4,1,50.0,2.0
AC Voges,Middle Overs,94,83,3,113.25301204819279,31.333333333333332
AC Voges,Death Overs,85,56,2,151.78571428571428,42.5
AD Hales,Powerplay,86,71,3,121.12676056338027,28.666666666666668
AD Hales,Middle Overs,62,48,3,129.16666666666669,20.666666666666668
AD Hales,Death Overs,0,0,0,,0.0
AD Mascarenhas,Powerplay,4,2,1,200.0,4.0
AD Mascarenhas,Middle Overs,26,36,2,72.22222222222221,13.0
AD Mascarenhas,Death Overs,49,41,7,119.51219512195121,7.0
AD Mathews,Powerplay,2,6,0,33.33333333333333,2.0
AD Mathews,Middle Overs,297,304,9,97.69736842105263,33.0
AD Mathews,Death Overs,425,289,22,147.05882352941177,19.318181818181817
AD Nath,Powerplay,4,9,0,44.44444444444444,4.0
AD Nath,Middle Overs,64,65,6,98.46153846153847,10.666666666666666
AD Nath,Death Overs,22,25,4,88.0,5.5
AD Russell,Powerplay,11,7,1,157.14285714285714,11.0
AD Russell,Middle Overs,1153,769,32,149.93498049414825,36.03125
AD Russell,Death Overs,1324,739,51,179.16102841677943,25.96078431372549
AF Milne,Powerplay,0,0,0,,0.0
AF Milne,Middle Overs,6,9,1,66.66666666666666,6.0
AF Milne,Death Overs,17,22,4,77.27272727272727,4.25
AG Murtaza,Powerplay,0,0,0,,0.0
AG Murtaza,Middle Overs,0,0,0,,0.0
AG Murtaza,Death Overs,10,14,1,71.42857142857143,10.0
AG Paunikar,Powerplay,49,58,4,84.48275862068965,12.25
AG Paunikar,Middle Overs,0,3,1,0.0,0.0
AG Paunikar,Death Overs,0,0,0,,0.0
AJ Finch,Powerplay,800,716,35,111.73184357541899,22.857142857142858
AJ Finch,Middle Overs,1010,796,35,126.88442211055278,28.857142857142858
AJ Finch,Death Overs,282,184,14,153.26086956521738,20.142857142857142
AJ Hosein,Powerplay,0,0,0,,0.0
AJ Hosein,Middle Overs,0,0,0,,0.0
AJ Hosein,Death Overs,16,11,0,145.45454545454547,16.0
AJ Turner,Powerplay,0,0,0,,0.0
AJ Turner,Middle Overs,17,12,1,141.66666666666669,17.0
AJ Turner,Death Overs,7,19,4,36.84210526315789,1.75
AJ Tye,Powerplay,0,0,0,,0.0
AJ Tye,Middle Overs,21,17,2,123.52941176470588,10.5
AJ Tye,Death Overs,70,62,6,112.90322580645163,11.666666666666666
AK Markram,Powerplay,70,79,4,88.60759493670885,17.5
AK Markram,Middle Overs,701,576,22,121.70138888888889,31.863636363636363
AK Markram,Death Overs,224,132,7,169.6969696969697,32.0
AL Menaria,Powerplay,1,2,0,50.0,1.0
AL Menaria,Middle Overs,303,282,12,107.4468085106383,25.25
AL Menaria,Death Overs,97,83,10,116.86746987951808,9.7
AM Nayar,Powerplay,40,54,4,74.07407407407408,10.0
AM Nayar,Middle Overs,322,334,15,96.40718562874252,21.466666666666665
AM Nayar,Death Overs,310,200,20,155.0,15.5
AM Rahane,Powerplay,1954,1759,61,111.08584422967596,32.032786885245905
AM Rahane,Middle Overs,2179,1769,73,123.17693612210287,29.84931506849315
AM Rahane,Death Overs,509,330,22,154.24242424242425,23.136363636363637
AN Ahmed,Powerplay,0,0,0,,0.0
AN Ahmed,Middle Overs,0,0,0,,0.0
AN Ahmed,Death Overs,36,27,1,133.33333333333331,36.0
AN Ghosh,Powerplay,7,7,1,100.0,7.0
AN Ghosh,Middle Overs,0,1,1,0.0,0.0
AN Ghosh,Death Overs,0,0,0,,0.0
AP Dole,Powerplay,0,0,0,,0.0
AP Dole,Middle Overs,1,2,0,50.0,1.0
AP Dole,Death Overs,33,21,2,157.14285714285714,16.5
AP Majumdar,Powerplay,11,11,1,100.0,11.0
AP Majumdar,Middle Overs,74,63,2,117.46031746031747,37.0
AP Majumdar,Death Overs,2,3,1,66.66666666666666,2.0
AP Tare,Powerplay,192,194,13,98.96907216494846,14.76923076923077
AP Tare,Middle Overs,107,65,7,164.6153846153846,15.285714285714286
AP Tare,Death Overs,40,26,4,153.84615384615387,10.0
AR Bawne,Powerplay,0,0,0,,0.0
AR Bawne,Middle Overs,0,0,0,,0.0
AR Bawne,Death Overs,12,12,0,100.0,12.0
AR Patel,Powerplay,6,14,0,42.857142857142854,6.0
AR Patel,Middle Overs,747,677,30,110.33973412112259,24.9
AR Patel,Death Overs,900,627,48,143.54066985645932,18.75
AS Joseph,Powerplay,0,0,0,,0.0
AS Joseph,Middle Overs,3,3,0,100.0,3.0
AS Joseph,Death Overs,24,29,1,82.75862068965517,24.0
AS Rajpoot,Powerplay,0,0,0,,0.0
AS Rajpoot,Middle Overs,1,5,0,20.0,1.0
AS Rajpoot,Death Overs,25,36,4,69.44444444444444,6.25
AS Raut,Powerplay,0,2,0,0.0,0.0
AS Raut,Middle Overs,74,62,4,119.35483870967742,18.5
AS Raut,Death Overs,120,108,7,111.11111111111111,17.142857142857142
AS Roy,Powerplay,4,5,1,80.0,4.0
AS Roy,Middle Overs,0,3,2,0.0,0.0
AS Roy,Death Overs,22,16,0,137.5,22.0
AS Yadav,Powerplay,0,0,0,,0.0
AS Yadav,Middle Overs,10,10,1,100.0,10.0
AS Yadav,Death Overs,39,30,6,130.0,6.5
AT Carey,Powerplay,0,0,0,,0.0
AT Carey,Middle Overs,0,0,0,,0.0
AT Carey,Death Overs,32,29,2,110.34482758620689,16.0
AT Rayudu,Powerplay,546,559,17,97.67441860465115,32.11764705882353
AT Rayudu,Middle Overs,2623,2206,78,118.90299184043518,33.62820512820513
AT Rayudu,Death Overs,1179,725,57,162.6206896551724,20.68421052631579
AU Rashid,Powerplay,0,0,0,,0.0
AU Rashid,Middle Overs,18,14,1,128.57142857142858,18.0
AU Rashid,Death Overs,4,3,1,133.33333333333331,4.0
AUK Pathan,Powerplay,14,6,1,233.33333333333334,14.0
AUK Pathan,Middle Overs,11,8,2,137.5,5.5
AUK Pathan,Death Overs,14,12,2,116.66666666666667,7.0
Abdul Basith,Powerplay,0,0,0,,0.0
Abdul Basith,Middle Overs,0,0,0,,0.0
Abdul Basith,Death Overs,1,1,0,100.0,1.0
Abdul Samad,Powerplay,2,2,1,100.0,2.0
Abdul Samad,Middle Overs,185,164,10,112.80487804878048,18.5
Abdul Samad,Death Overs,392,242,21,161.98347107438016,18.666666666666668
Abdur Razzak,Powerplay,0,0,0,,0.0
Abdur Razzak,Middle Overs,0,0,0,,0.0
Abdur Razzak,Death Overs,0,2,0,0.0,0.0
Abhishek Sharma,Powerplay,614,435,19,141.14942528735634,32.31578947368421
Abhishek Sharma,Middle Overs,603,377,26,159.946949602122,23.192307692307693
Abhishek Sharma,Death Overs,160,113,10,141.5929203539823,16.0
Abishek Porel,Powerplay,102,67,3,152.23880597014926,34.0
Abishek Porel,Middle Overs,207,145,9,142.75862068965517,23.0
Abishek Porel,Death Overs,51,32,4,159.375,12.75
Akash Deep,Powerplay,0,0,0,,0.0
Akash Deep,Middle Overs,5,2,0,250.0,5.0
Akash Deep,Death Overs,14,10,2,140.0,7.0
Akash Madhwal,Powerplay,0,0,0,,0.0
Akash Madhwal,Middle Overs,0,0,0,,0.0
Akash Madhwal,Death Overs,4,5,0,80.0,4.0
Aman Hakim Khan,Powerplay,0,0,0,,0.0
Aman Hakim Khan,Middle Overs,56,65,1,86.15384615384616,56.0
Aman Hakim Khan,Death Overs,59,44,8,134.0909090909091,7.375
Anirudh Singh,Powerplay,13,19,0,68.42105263157895,13.0
Anirudh Singh,Middle Overs,37,36,2,102.77777777777777,18.5
Anirudh Singh,Death Overs,13,14,2,92.85714285714286,6.5
Ankit Sharma,Powerplay,11,18,0,61.111111111111114,11.0
Ankit Sharma,Middle Overs,28,16,2,175.0,14.0
Ankit Sharma,Death Overs,48,35,5,137.14285714285714,9.6
Ankit Soni,Powerplay,0,0,0,,0.0
Ankit Soni,Middle Overs,0,0,0,,0.0
Ankit Soni,Death Overs,7,9,2,77.77777777777779,3.5
Anmolpreet Singh,Powerplay,104,81,4,128.39506172839506,26.0
Anmolpreet Singh,Middle Overs,35,36,5,97.22222222222221,7.0
Anmolpreet Singh,Death Overs,0,0,0,,0.0
Anuj Rawat,Powerplay,68,77,6,88.31168831168831,11.333333333333334
Anuj Rawat,Middle Overs,108,114,6,94.73684210526315,18.0
Anuj Rawat,Death Overs,142,85,2,167.05882352941177,71.0
Anureet Singh,Powerplay,0,0,0,,0.0
Anureet Singh,Middle Overs,4,9,1,44.44444444444444,4.0
Anureet Singh,Death Overs,32,38,3,84.21052631578947,10.666666666666666
Arjun Tendulkar,Powerplay,0,0,0,,0.0
Arjun Tendulkar,Middle Overs,0,0,0,,0.0
Arjun Tendulkar,Death Overs,13,9,1,144.44444444444443,13.0
Arshad Khan,Powerplay,0,0,0,,0.0
Arshad Khan,Middle Overs,32,25,1,128.0,32.0
Arshad Khan,Death Overs,64,42,3,152.38095238095238,21.333333333333332
Arshad Khan (2),Powerplay,0,0,0,,0.0
Arshad Khan (2),Middle Overs,0,0,0,,0.0
Arshad Khan (2),Death Overs,5,4,1,125.0,5.0
Arshdeep Singh,Powerplay,0,0,0,,0.0
Arshdeep Singh,Middle Overs,4,3,0,133.33333333333331,4.0
Arshdeep Singh,Death Overs,25,39,5,64.1025641025641,5.0
Ashutosh Sharma,Powerplay,0,0,0,,0.0
Ashutosh Sharma,Middle Overs,61,44,3,138.63636363636365,20.333333333333332
Ashutosh Sharma,Death Overs,128,74,5,172.97297297297297,25.6
Atharva Taide,Powerplay,117,85,4,137.64705882352942,29.25
Atharva Taide,Middle Overs,130,92,4,141.30434782608697,32.5
Atharva Taide,Death Overs,0,0,0,,0.0
Avesh Khan,Powerplay,0,0,0,,0.0
Avesh Khan,Middle Overs,12,4,1,300.0,12.0
Avesh Khan,Death Overs,29,21,0,138.0952380952381,29.0
Azhar Mahmood,Powerplay,2,14,1,14.285714285714285,2.0
Azhar Mahmood,Middle Overs,263,203,7,129.55665024630542,37.57142857142857
Azhar Mahmood,Death Overs,123,94,11,130.85106382978725,11.181818181818182
Azmatullah Omarzai,Powerplay,0,0,0,,0.0
Azmatullah Omarzai,Middle Overs,36,30,2,120.0,18.0
Azmatullah Omarzai,Death Overs,6,4,2,150.0,3.0
B Akhil,Powerplay,0,0,0,,0.0
B Akhil,Middle Overs,27,21,2,128.57142857142858,13.5
B Akhil,Death Overs,49,36,5,136.11111111111111,9.8
B Chipli,Powerplay,43,68,5,63.23529411764706,8.6
B Chipli,Middle Overs,137,132,10,103.78787878787878,13.7
B Chipli,Death Overs,100,56,1,178.57142857142858,100.0
B Indrajith,Powerplay,12,22,1,54.54545454545454,12.0
B Indrajith,Middle Overs,9,9,2,100.0,4.5
B Indrajith,Death Overs,0,0,0,,0.0
B Kumar,Powerplay,0,0,0,,0.0
B Kumar,Middle Overs,26,36,0,72.22222222222221,26.0
B Kumar,Death Overs,280,302,34,92.71523178807946,8.235294117647058
B Laughlin,Powerplay,0,0,0,,0.0
B Laughlin,Middle Overs,3,7,0,42.857142857142854,3.0
B Laughlin,Death Overs,2,6,2,33.33333333333333,1.0
B Lee,Powerplay,0,0,0,,0.0
B Lee,Middle Overs,12,10,1,120.0,12.0
B Lee,Death Overs,112,92,9,121.73913043478262,12.444444444444445
B Sai Sudharsan,Powerplay,213,193,1,110.36269430051813,213.0
B Sai Sudharsan,Middle Overs,650,492,13,132.11382113821136,50.0
B Sai Sudharsan,Death Overs,171,85,7,201.1764705882353,24.428571428571427
B Stanlake,Powerplay,0,0,0,,0.0
B Stanlake,Middle Overs,0,0,0,,0.0
B Stanlake,Death Overs,5,2,0,250.0,5.0
B Sumanth,Powerplay,0,0,0,,0.0
B Sumanth,Middle Overs,9,12,0,75.0,9.0
B Sumanth,Death Overs,26,26,1,100.0,26.0
BA Bhatt,Powerplay,0,0,0,,0.0
BA Bhatt,Middle Overs,0,0,0,,0.0
BA Bhatt,Death Overs,6,7,0,85.71428571428571,6.0
BA Stokes,Powerplay,205,151,7,135.76158940397352,29.285714285714285
BA Stokes,Middle Overs,523,435,20,120.22988505747128,26.15
BA Stokes,Death Overs,207,132,14,156.8181818181818,14.785714285714286
BAW Mendis,Powerplay,0,0,0,,0.0
BAW Mendis,Middle Overs,0,0,0,,0.0
BAW Mendis,Death Overs,3,6,2,50.0,1.5
BB McCullum,Powerplay,1312,1117,48,117.45747538048343,27.333333333333332
BB McCullum,Middle Overs,1389,1055,51,131.65876777251185,27.235294117647058
BB McCullum,Death Overs,181,100,7,181.0,25.857142857142858
BB Samantray,Powerplay,6,13,0,46.15384615384615,6.0
BB Samantray,Middle Overs,77,72,2,106.94444444444444,38.5
BB Samantray,Death Overs,42,31,3,135.48387096774192,14.0
BB Sran,Powerplay,0,0,0,,0.0
BB Sran,Middle Overs,0,0,0,,0.0
BB Sran,Death Overs,10,14,1,71.42857142857143,10.0
BCJ Cutting,Powerplay,0,0,0,,0.0
BCJ Cutting,Middle Overs,22,20,2,110.00000000000001,11.0
BCJ Cutting,Death Overs,216,126,9,171.42857142857142,24.0
BE Hendricks,Powerplay,0,0,0,,0.0
BE Hendricks,Middle Overs,0,0,0,,0.0
BE Hendricks,Death Overs,1,3,1,33.33333333333333,1.0
BJ Haddin,Powerplay,18,11,1,163.63636363636365,18.0
BJ Haddin,Middle Overs,0,0,0,,0.0
BJ Haddin,Death Overs,0,0,0,,0.0
BJ Hodge,Powerplay,110,117,5,94.01709401709401,22.0
BJ Hodge,Middle Overs,684,651,17,105.06912442396312,40.23529411764706
BJ Hodge,Death Overs,606,385,24,157.40259740259742,25.25
BJ Rohrer,Powerplay,0,1,1,0.0,0.0
BJ Rohrer,Middle Overs,114,109,5,104.58715596330275,22.8
BJ Rohrer,Death Overs,79,36,1,219.44444444444446,79.0
BMAJ Mendis,Powerplay,0,0,0,,0.0
BMAJ Mendis,Middle Overs,23,27,3,85.18518518518519,7.666666666666667
BMAJ Mendis,Death Overs,0,0,0,,0.0
BR Dunk,Powerplay,35,33,2,106.06060606060606,17.5
BR Dunk,Middle Overs,5,3,1,166.66666666666669,5.0
BR Dunk,Death Overs,0,0,0,,0.0
BR Sharath,Powerplay,0,0,0,,0.0
BR Sharath,Middle Overs,2,5,1,40.0,2.0
BR Sharath,Death Overs,0,0,0,,0.0
Basil Thampi,Powerplay,0,0,0,,0.0
Basil Thampi,Middle Overs,3,5,0,60.0,3.0
Basil Thampi,Death Overs,29,32,2,90.625,14.5
Bipul Sharma,Powerplay,0,0,0,,0.0
Bipul Sharma,Middle Overs,15,14,1,107.14285714285714,15.0
Bipul Sharma,Death Overs,172,110,5,156.36363636363637,34.4
C Green,Powerplay,131,89,3,147.19101123595507,43.666666666666664
C Green,Middle Overs,372,277,12,134.29602888086643,31.0
C Green,Death Overs,204,106,5,192.45283018867926,40.8
C Madan,Powerplay,15,20,0,75.0,15.0
C Madan,Middle Overs,0,1,1,0.0,0.0
C Madan,Death Overs,0,0,0,,0.0
C Munro,Powerplay,109,77,3,141.55844155844156,36.333333333333336
C Munro,Middle Overs,64,61,6,104.91803278688525,10.666666666666666
C Munro,Death Overs,4,6,0,66.66666666666666,4.0
C Nanda,Powerplay,0,0,0,,0.0
C Nanda,Middle Overs,0,0,0,,0.0
C Nanda,Death Overs,0,1,1,0.0,0.0
C Sakariya,Powerplay,0,0,0,,0.0
C Sakariya,Middle Overs,1,4,0,25.0,1.0
C Sakariya,Death Overs,19,27,5,70.37037037037037,3.8
C de Grandhomme,Powerplay,1,2,1,50.0,1.0
C de Grandhomme,Middle Overs,142,110,7,129.0909090909091,20.285714285714285
C de Grandhomme,Death Overs,160,117,7,136.75213675213675,22.857142857142858
CA Ingram,Powerplay,12,13,1,92.3076923076923,12.0
CA Ingram,Middle Overs,130,127,6,102.36220472440945,21.666666666666668
CA Ingram,Death Overs,63,43,5,146.51162790697674,12.6
CA Lynn,Powerplay,657,482,14,136.30705394190872,46.92857142857143
CA Lynn,Middle Overs,636,456,20,139.4736842105263,31.8
CA Lynn,Death Overs,36,36,5,100.0,7.2
CA Pujara,Powerplay,192,214,9,89.7196261682243,21.333333333333332
CA Pujara,Middle Overs,151,146,4,103.42465753424656,37.75
CA Pujara,Death Overs,47,43,5,109.30232558139534,9.4
CH Gayle,Powerplay,2069,1614,56,128.19083023543988,36.94642857142857
CH Gayle,Middle Overs,2347,1598,56,146.87108886107634,41.910714285714285
CH Gayle,Death Overs,581,304,16,191.11842105263156,36.3125
CH Morris,Powerplay,7,4,0,175.0,7.0
CH Morris,Middle Overs,112,98,9,114.28571428571428,12.444444444444445
CH Morris,Death Overs,499,311,20,160.45016077170416,24.95
CJ Anderson,Powerplay,37,42,3,88.09523809523809,12.333333333333334
CJ Anderson,Middle Overs,326,284,9,114.7887323943662,36.22222222222222
CJ Anderson,Death Overs,175,110,10,159.0909090909091,17.5
CJ Ferguson,Powerplay,12,19,0,63.1578947368421,12.0
CJ Ferguson,Middle Overs,63,76,4,82.89473684210526,15.75
CJ Ferguson,Death Overs,23,24,2,95.83333333333334,11.5
CJ Jordan,Powerplay,0,0,0,,0.0
CJ Jordan,Middle Overs,1,6,0,16.666666666666664,1.0
CJ Jordan,Death Overs,80,75,9,106.66666666666667,8.88888888888889
CJ McKay,Powerplay,0,0,0,,0.0
CJ McKay,Middle Overs,8,15,1,53.333333333333336,8.0
CJ McKay,Death Overs,0,0,0,,0.0
CK Kapugedera,Powerplay,0,0,0,,0.0
CK Kapugedera,Middle Overs,1,3,1,33.33333333333333,1.0
CK Kapugedera,Death Overs,15,21,2,71.42857142857143,7.5
CK Langeveldt,Powerplay,0,0,0,,0.0
CK Langeveldt,Middle Overs,1,4,0,25.0,1.0
CK Langeveldt,Death Overs,7,5,2,140.0,3.5
CL White,Powerplay,83,93,7,89.24731182795699,11.857142857142858
CL White,Middle Overs,525,482,18,108.92116182572613,29.166666666666668
CL White,Death Overs,363,199,10,182.41206030150755,36.3
CM Gautam,Powerplay,63,60,5,105.0,12.6
CM Gautam,Middle Overs,51,53,2,96.22641509433963,25.5
CM Gautam,Death Overs,55,45,2,122.22222222222223,27.5
CR Brathwaite,Powerplay,0,0,0,,0.0
CR Brathwaite,Middle Overs,24,35,4,68.57142857142857,6.0
CR Brathwaite,Death Overs,157,85,10,184.7058823529412,15.7
CR Woakes,Powerplay,0,0,0,,0.0
CR Woakes,Middle Overs,15,21,0,71.42857142857143,15.0
CR Woakes,Death Overs,63,56,5,112.5,12.6
CRD Fernando,Powerplay,0,0,0,,0.0
CRD Fernando,Middle Overs,0,0,0,,0.0
CRD Fernando,Death Overs,4,3,1,133.33333333333331,4.0
CV Varun,Powerplay,0,0,0,,0.0
CV Varun,Middle Overs,0,3,0,0.0,0.0
CV Varun,Death Overs,25,46,2,54.347826086956516,12.5
D Brevis,Powerplay,55,50,2,110.00000000000001,27.5
D Brevis,Middle Overs,175,125,7,140.0,25.0
D Brevis,Death Overs,0,1,1,0.0,0.0
D Ferreira,Powerplay,0,0,0,,0.0
D Ferreira,Middle Overs,1,3,0,33.33333333333333,1.0
D Ferreira,Death Overs,7,8,2,87.5,3.5
D Kalyankrishna,Powerplay,0,0,0,,0.0
D Kalyankrishna,Middle Overs,0,0,0,,0.0
D Kalyankrishna,Death Overs,3,8,1,37.5,3.0
D Padikkal,Powerplay,642,558,20,115.05376344086022,32.1
D Padikkal,Middle Overs,803,679,31,118.26215022091311,25.903225806451612
D Padikkal,Death Overs,114,86,12,132.5581395348837,9.5
D Pretorius,Powerplay,0,0,0,,0.0
D Pretorius,Middle Overs,0,0,0,,0.0
D Pretorius,Death Overs,44,28,4,157.14285714285714,11.0
D Salunkhe,Powerplay,0,0,0,,0.0
D Salunkhe,Middle Overs,8,7,0,114.28571428571428,8.0
D Salunkhe,Death Overs,25,17,1,147.05882352941177,25.0
D Wiese,Powerplay,0,0,0,,0.0
D Wiese,Middle Overs,23,25,0,92.0,23.0
D Wiese,Death Overs,125,80,6,156.25,20.833333333333332
D du Preez,Powerplay,0,0,0,,0.0
D du Preez,Middle Overs,3,4,0,75.0,3.0
D du Preez,Death Overs,7,9,1,77.77777777777779,7.0
DA Miller,Powerplay,54,70,5,77.14285714285715,10.8
DA Miller,Middle Overs,1572,1333,35,117.92948237059264,44.91428571428571
DA Miller,Death Overs,1298,768,44,169.01041666666669,29.5
DA Warner,Powerplay,2759,2149,64,128.3852954862727,43.109375
DA Warner,Middle Overs,3180,2337,73,136.07188703465982,43.56164383561644
DA Warner,Death Overs,628,363,27,173.00275482093664,23.25925925925926
DAJ Bracewell,Powerplay,0,0,0,,0.0
DAJ Bracewell,Middle Overs,0,0,0,,0.0
DAJ Bracewell,Death Overs,12,9,0,133.33333333333331,12.0
DB Das,Powerplay,46,42,1,109.52380952380953,46.0
DB Das,Middle Overs,141,125,5,112.79999999999998,28.2
DB Das,Death Overs,117,100,6,117.0,19.5
DB Ravi Teja,Powerplay,46,52,1,88.46153846153845,46.0
DB Ravi Teja,Middle Overs,160,147,4,108.843537414966,40.0
DB Ravi Teja,Death Overs,169,126,15,134.12698412698413,11.266666666666667
DE Bollinger,Powerplay,0,0,0,,0.0
DE Bollinger,Middle Overs,0,0,0,,0.0
DE Bollinger,Death Overs,21,23,1,91.30434782608695,21.0
DG Nalkande,Powerplay,0,0,0,,0.0
DG Nalkande,Middle Overs,12,11,1,109.09090909090908,12.0
DG Nalkande,Death Overs,0,1,1,0.0,0.0
DH Yagnik,Powerplay,0,0,0,,0.0
DH Yagnik,Middle Overs,74,64,5,115.625,14.8
DH Yagnik,Death Overs,96,78,4,123.07692307692308,24.0
DJ Bravo,Powerplay,97,91,4,106.5934065934066,24.25
DJ Bravo,Middle Overs,554,614,25,90.22801302931596,22.16
DJ Bravo,Death Overs,909,542,40,167.71217712177122,22.725
DJ Harris,Powerplay,53,59,2,89.83050847457628,26.5
DJ Harris,Middle Overs,58,44,1,131.8181818181818,58.0
DJ Harris,Death Overs,0,0,0,,0.0
DJ Hooda,Powerplay,119,111,5,107.2072072072072,23.8
DJ Hooda,Middle Overs,899,739,36,121.65087956698241,24.97222222222222
DJ Hooda,Death Overs,448,320,36,140.0,12.444444444444445
DJ Hussey,Powerplay,60,58,3,103.44827586206897,20.0
DJ Hussey,Middle Overs,852,809,28,105.31520395550062,30.428571428571427
DJ Hussey,Death Overs,410,234,18,175.2136752136752,22.77777777777778
DJ Jacobs,Powerplay,83,92,5,90.21739130434783,16.6
DJ Jacobs,Middle Overs,9,9,2,100.0,4.5
DJ Jacobs,Death Overs,0,0,0,,0.0
DJ Malan,Powerplay,0,0,0,,0.0
DJ Malan,Middle Overs,26,26,1,100.0,26.0
DJ Malan,Death Overs,0,0,0,,0.0
DJ Mitchell,Powerplay,79,65,1,121.53846153846153,79.0
DJ Mitchell,Middle Overs,226,169,10,133.72781065088756,22.6
DJ Mitchell,Death Overs,46,40,2,114.99999999999999,23.0
DJ Muthuswami,Powerplay,0,0,0,,0.0
DJ Muthuswami,Middle Overs,0,0,0,,0.0
DJ Muthuswami,Death Overs,1,3,1,33.33333333333333,1.0
DJ Thornely,Powerplay,3,18,1,16.666666666666664,3.0
DJ Thornely,Middle Overs,36,36,2,100.0,18.0
DJ Thornely,Death Overs,0,0,0,,0.0
DJ Willey,Powerplay,1,7,0,14.285714285714285,1.0
DJ Willey,Middle Overs,28,35,3,80.0,9.333333333333334
DJ Willey,Death Overs,24,22,0,109.09090909090908,24.0
DJG Sammy,Powerplay,0,2,0,0.0,0.0
DJG Sammy,Middle Overs,159,148,4,107.43243243243244,39.75
DJG Sammy,Death Overs,136,101,11,134.65346534653466,12.363636363636363
DJM Short,Powerplay,44,55,4,80.0,11.0
DJM Short,Middle Overs,71,47,3,151.06382978723406,23.666666666666668
DJM Short,Death Overs,0,0,0,,0.0
DL Chahar,Powerplay,0,0,0,,0.0
DL Chahar,Middle Overs,55,35,4,157.14285714285714,13.75
DL Chahar,Death Overs,25,26,3,96.15384615384616,8.333333333333334
DL Vettori,Powerplay,0,0,0,,0.0
DL Vettori,Middle Overs,47,56,5,83.92857142857143,9.4
DL Vettori,Death Overs,74,62,2,119.35483870967742,37.0
DM Bravo,Powerplay,0,0,0,,0.0
DM Bravo,Middle Overs,0,0,0,,0.0
DM Bravo,Death Overs,6,5,0,120.0,6.0
DNT Zoysa,Powerplay,0,0,0,,0.0
DNT Zoysa,Middle Overs,1,1,0,100.0,1.0
DNT Zoysa,Death Overs,10,8,1,125.0,10.0
DP Conway,Powerplay,310,264,6,117.42424242424244,51.666666666666664
DP Conway,Middle Overs,528,347,9,152.1613832853026,58.666666666666664
DP Conway,Death Overs,86,58,5,148.27586206896552,17.2
DP Nannes,Powerplay,0,0,0,,0.0
DP Nannes,Middle Overs,2,4,0,50.0,2.0
DP Nannes,Death Overs,2,9,1,22.22222222222222,2.0
DP Vijaykumar,Powerplay,0,0,0,,0.0
DP Vijaykumar,Middle Overs,0,0,0,,0.0
DP Vijaykumar,Death Overs,1,1,0,100.0,1.0
DPMD Jayawardene,Powerplay,519,449,22,115.59020044543429,23.59090909090909
DPMD Jayawardene,Middle Overs,915,827,30,110.64087061668681,30.5
DPMD Jayawardene,Death Overs,374,246,12,152.03252032520325,31.166666666666668
DR Martyn,Powerplay,0,0,0,,0.0
DR Martyn,Middle Overs,14,22,1,63.63636363636363,14.0
DR Martyn,Death Overs,5,4,1,125.0,5.0
DR Sams,Powerplay,1,7,1,14.285714285714285,1.0
DR Sams,Middle Overs,16,15,2,106.66666666666667,8.0
DR Sams,Death Overs,27,26,7,103.84615384615385,3.857142857142857
DR Shorey,Powerplay,0,0,0,,0.0
DR Shorey,Middle Overs,13,20,2,65.0,6.5
DR Shorey,Death Overs,0,0,0,,0.0
DR Smith,Powerplay,1044,883,24,118.23329558323896,43.5
DR Smith,Middle Overs,1173,806,41,145.53349875930522,28.609756097560975
DR Smith,Death Overs,168,114,16,147.36842105263156,10.5
DS Kulkarni,Powerplay,0,0,0,,0.0
DS Kulkarni,Middle Overs,5,10,2,50.0,2.5
DS Kulkarni,Death Overs,99,103,7,96.11650485436894,14.142857142857142
DS Lehmann,Powerplay,0,0,0,,0.0
DS Lehmann,Middle Overs,18,19,2,94.73684210526315,9.0
DS Lehmann,Death Overs,0,0,0,,0.0
DT Christian,Powerplay,2,7,1,28.57142857142857,2.0
DT Christian,Middle Overs,149,172,7,86.62790697674419,21.285714285714285
DT Christian,Death Overs,309,229,20,134.93449781659388,15.45
DT Patil,Powerplay,0,0,0,,0.0
DT Patil,Middle Overs,9,12,1,75.0,9.0
DT Patil,Death Overs,4,1,0,400.0,4.0
DW Steyn,Powerplay,0,0,0,,0.0
DW Steyn,Middle Overs,4,9,1,44.44444444444444,4.0
DW Steyn,Death Overs,163,154,21,105.84415584415585,7.761904761904762
Dhruv Jurel,Powerplay,0,0,0,,0.0
Dhruv Jurel,Middle Overs,93,82,4,113.41463414634146,23.25
Dhruv Jurel,Death Overs,254,155,9,163.8709677419355,28.22222222222222
E Lewis,Powerplay,349,250,7,139.6,49.857142857142854
E Lewis,Middle Overs,273,225,16,121.33333333333334,17.0625
E Lewis,Death Overs,32,24,1,133.33333333333331,32.0
EJG Morgan,Powerplay,132,140,5,94.28571428571428,26.4
EJG Morgan,Middle Overs,758,713,31,106.31136044880785,24.451612903225808
EJG Morgan,Death Overs,516,328,25,157.3170731707317,20.64
ER Dwivedi,Powerplay,5,6,1,83.33333333333334,5.0
ER Dwivedi,Middle Overs,0,0,0,,0.0
ER Dwivedi,Death Overs,19,9,1,211.11111111111111,19.0
F Behardien,Powerplay,0,0,0,,0.0
F Behardien,Middle Overs,0,1,1,0.0,0.0
F Behardien,Death Overs,14,12,1,116.66666666666667,14.0
F du Plessis,Powerplay,1780,1370,40,129.92700729927006,44.5
F du Plessis,Middle Overs,2223,1734,56,128.2006920415225,39.69642857142857
F du Plessis,Death Overs,568,331,29,171.6012084592145,19.586206896551722
FA Allen,Powerplay,0,0,0,,0.0
FA Allen,Middle Overs,3,6,0,50.0,3.0
FA Allen,Death Overs,11,13,2,84.61538461538461,5.5
FH Edwards,Powerplay,0,0,0,,0.0
FH Edwards,Middle Overs,0,0,0,,0.0
FH Edwards,Death Overs,4,5,1,80.0,4.0
FY Fazal,Powerplay,67,66,3,101.51515151515152,22.333333333333332
FY Fazal,Middle Overs,78,80,3,97.5,26.0
FY Fazal,Death Overs,38,33,3,115.15151515151516,12.666666666666666
Fazalhaq Farooqi,Powerplay,0,0,0,,0.0
Fazalhaq Farooqi,Middle Overs,0,0,0,,0.0
Fazalhaq Farooqi,Death Overs,3,13,0,23.076923076923077,3.0
G Coetzee,Powerplay,0,0,0,,0.0
G Coetzee,Middle Overs,3,4,0,75.0,3.0
G Coetzee,Death Overs,11,18,4,61.111111111111114,2.75
G Gambhir,Powerplay,1961,1684,53,116.44893111638955,37.0
G Gambhir,Middle Overs,1986,1647,66,120.58287795992715,30.09090909090909
G Gambhir,Death Overs,270,193,16,139.89637305699483,16.875
GB Hogg,Powerplay,0,0,0,,0.0
GB Hogg,Middle Overs,0,0,0,,0.0
GB Hogg,Death Overs,22,22,2,100.0,11.0
GC Smith,Powerplay,317,351,14,90.31339031339031,22.642857142857142
GC Smith,Middle Overs,356,299,13,119.06354515050168,27.384615384615383
GC Smith,Death Overs,66,41,3,160.97560975609758,22.0
GC Viljoen,Powerplay,0,0,0,,0.0
GC Viljoen,Middle Overs,0,0,0,,0.0
GC Viljoen,Death Overs,3,7,2,42.857142857142854,1.5
GD McGrath,Powerplay,0,0,0,,0.0
GD McGrath,Middle Overs,0,0,0,,0.0
GD McGrath,Death Overs,4,5,1,80.0,4.0
GD Phillips,Powerplay,0,3,0,0.0,0.0
GD Phillips,Middle Overs,20,29,4,68.96551724137932,5.0
GD Phillips,Death Overs,45,23,3,195.65217391304347,15.0
GH Vihari,Powerplay,33,72,2,45.83333333333333,16.5
GH Vihari,Middle Overs,171,189,8,90.47619047619048,21.375
GH Vihari,Death Overs,80,70,10,114.28571428571428,8.0
GHS Garton,Powerplay,0,0,0,,0.0
GHS Garton,Middle Overs,0,0,0,,0.0
GHS Garton,Death Overs,2,4,1,50.0,2.0
GJ Bailey,Powerplay,78,91,2,85.71428571428571,39.0
GJ Bailey,Middle Overs,258,271,17,95.20295202952029,15.176470588235293
GJ Bailey,Death Overs,327,190,10,172.10526315789474,32.7
GJ Maxwell,Powerplay,285,228,15,125.0,19.0
GJ Maxwell,Middle Overs,1888,1271,67,148.54445318646734,28.17910447761194
GJ Maxwell,Death Overs,599,343,29,174.63556851311955,20.655172413793103
GR Napier,Powerplay,0,0,0,,0.0
GR Napier,Middle Overs,10,12,0,83.33333333333334,10.0
GR Napier,Death Overs,5,4,1,125.0,5.0
Gulbadin Naib,Powerplay,0,0,0,,0.0
Gulbadin Naib,Middle Overs,4,5,0,80.0,4.0
Gulbadin Naib,Death Overs,15,10,1,150.0,15.0
Gurkeerat Singh,Powerplay,18,25,1,72.0,18.0
Gurkeerat Singh,Middle Overs,242,243,11,99.58847736625515,22.0
Gurkeerat Singh,Death Overs,251,168,15,149.4047619047619,16.733333333333334
H Das,Powerplay,0,0,0,,0.0
H Das,Middle Overs,0,0,0,,0.0
H Das,Death Overs,2,5,1,40.0,2.0
H Klaasen,Powerplay,32,25,3,128.0,10.666666666666666
H Klaasen,Middle Overs,558,369,9,151.21951219512195,62.0
H Klaasen,Death Overs,403,219,14,184.01826484018264,28.785714285714285
HC Brook,Powerplay,85,75,3,113.33333333333333,28.333333333333332
HC Brook,Middle Overs,69,57,5,121.05263157894737,13.8
HC Brook,Death Overs,36,27,1,133.33333333333331,36.0
HE van der Dussen,Powerplay,0,0,0,,0.0
HE van der Dussen,Middle Overs,10,15,2,66.66666666666666,5.0
HE van der Dussen,Death Overs,12,10,0,120.0,12.0
HF Gurney,Powerplay,0,0,0,,0.0
HF Gurney,Middle Overs,0,0,0,,0.0
HF Gurney,Death Overs,1,5,0,20.0,1.0
HH Gibbs,Powerplay,387,381,14,101.5748031496063,27.642857142857142
HH Gibbs,Middle Overs,427,410,17,104.14634146341464,25.11764705882353
HH Gibbs,Death Overs,72,46,1,156.52173913043478,72.0
HH Pandya,Powerplay,130,130,4,100.0,32.5
HH Pandya,Middle Overs,1114,886,33,125.7336343115124,33.75757575757576
HH Pandya,Death Overs,1290,798,52,161.65413533834587,24.807692307692307
HM Amla,Powerplay,209,175,5,119.42857142857144,41.8
HM Amla,Middle Overs,246,189,6,130.15873015873015,41.0
HM Amla,Death Overs,122,54,2,225.9259259259259,61.0
HR Shokeen,Powerplay,0,1,0,0.0,0.0
HR Shokeen,Middle Overs,43,47,2,91.48936170212765,21.5
HR Shokeen,Death Overs,23,19,1,121.05263157894737,23.0
HV Patel,Powerplay,0,0,0,,0.0
HV Patel,Middle Overs,66,78,6,84.61538461538461,11.0
HV Patel,Death Overs,183,136,20,134.55882352941177,9.15
Harbhajan Singh,Powerplay,33,35,0,94.28571428571428,33.0
Harbhajan Singh,Middle Overs,176,167,12,105.38922155688624,14.666666666666666
Harbhajan Singh,Death Overs,624,434,44,143.77880184331798,14.181818181818182
Harmeet Singh,Powerplay,0,0,0,,0.0
Harmeet Singh,Middle Overs,0,0,0,,0.0
Harmeet Singh,Death Overs,18,12,2,150.0,9.0
Harpreet Brar,Powerplay,0,0,0,,0.0
Harpreet Brar,Middle Overs,36,43,3,83.72093023255815,12.0
Harpreet Brar,Death Overs,197,158,9,124.68354430379746,21.88888888888889
Harpreet Singh,Powerplay,28,23,0,121.73913043478262,28.0
Harpreet Singh,Middle Overs,45,58,2,77.58620689655173,22.5
Harpreet Singh,Death Overs,50,38,4,131.57894736842107,12.5
Harshit Rana,Powerplay,0,0,0,,0.0
Harshit Rana,Middle Overs,2,1,1,200.0,2.0
Harshit Rana,Death Overs,0,2,1,0.0,0.0
I Malhotra,Powerplay,0,0,0,,0.0
I Malhotra,Middle Overs,0,0,0,,0.0
I Malhotra,Death Overs,7,4,0,175.0,7.0
I Sharma,Powerplay,0,0,0,,0.0
I Sharma,Middle Overs,12,14,1,85.71428571428571,12.0
I Sharma,Death Overs,45,57,6,78.94736842105263,7.5
I Udana,Powerplay,0,0,0,,0.0
I Udana,Middle Overs,0,0,0,,0.0
I Udana,Death Overs,15,11,3,136.36363636363635,5.0
IC Pandey,Powerplay,0,0,0,,0.0
IC Pandey,Middle Overs,0,0,0,,0.0
IC Pandey,Death Overs,0,2,1,0.0,0.0
IK Pathan,Powerplay,79,58,3,136.20689655172413,26.333333333333332
IK Pathan,Middle Overs,408,462,20,88.31168831168831,20.4
IK Pathan,Death Overs,663,465,30,142.5806451612903,22.1
IR Jaggi,Powerplay,23,31,1,74.19354838709677,23.0
IR Jaggi,Middle Overs,40,54,3,74.07407407407408,13.333333333333334
IR Jaggi,Death Overs,13,15,1,86.66666666666667,13.0
IS Sodhi,Powerplay,0,0,0,,0.0
IS Sodhi,Middle Overs,2,7,0,28.57142857142857,2.0
IS Sodhi,Death Overs,5,11,2,45.45454545454545,2.5
Imran Tahir,Powerplay,0,0,0,,0.0
Imran Tahir,Middle Overs,4,6,1,66.66666666666666,4.0
Imran Tahir,Death Overs,29,31,3,93.54838709677419,9.666666666666666
Iqbal Abdulla,Powerplay,0,0,0,,0.0
Iqbal Abdulla,Middle Overs,18,25,0,72.0,18.0
Iqbal Abdulla,Death Overs,70,61,1,114.75409836065573,70.0
Ishan Kishan,Powerplay,1094,826,21,132.4455205811138,52.095238095238095
Ishan Kishan,Middle Overs,1295,1019,53,127.08537782139354,24.433962264150942
Ishan Kishan,Death Overs,255,146,17,174.65753424657535,15.0
J Arunkumar,Powerplay,23,24,3,95.83333333333334,7.666666666666667
J Arunkumar,Middle Overs,0,0,0,,0.0
J Arunkumar,Death Overs,0,0,0,,0.0
J Botha,Powerplay,27,37,0,72.97297297297297,27.0
J Botha,Middle Overs,223,204,9,109.31372549019606,24.77777777777778
J Botha,Death Overs,159,123,13,129.26829268292684,12.23076923076923
J Fraser-McGurk,Powerplay,266,110,5,241.8181818181818,53.2
J Fraser-McGurk,Middle Overs,64,40,3,160.0,21.333333333333332
J Fraser-McGurk,Death Overs,0,0,0,,0.0
J Suchith,Powerplay,0,0,0,,0.0
J Suchith,Middle Overs,14,30,1,46.666666666666664,14.0
J Suchith,Death Overs,56,32,3,175.0,18.666666666666668
J Syed Mohammad,Powerplay,0,0,0,,0.0
J Syed Mohammad,Middle Overs,9,11,1,81.81818181818183,9.0
J Syed Mohammad,Death Overs,20,16,1,125.0,20.0
J Theron,Powerplay,0,0,0,,0.0
J Theron,Middle Overs,0,0,0,,0.0
J Theron,Death Overs,10,13,2,76.92307692307693,5.0
J Yadav,Powerplay,0,0,0,,0.0
J Yadav,Middle Overs,9,9,0,100.0,9.0
J Yadav,Death Overs,31,29,2,106.89655172413792,15.5
JA Morkel,Powerplay,13,8,0,162.5,13.0
JA Morkel,Middle Overs,325,279,10,116.48745519713262,32.5
JA Morkel,Death Overs,637,425,30,149.88235294117646,21.233333333333334
JA Richardson,Powerplay,0,0,0,,0.0
JA Richardson,Middle Overs,15,23,1,65.21739130434783,15.0
JA Richardson,Death Overs,2,4,2,50.0,1.0
JC Archer,Powerplay,0,4,1,0.0,0.0
JC Archer,Middle Overs,13,11,3,118.18181818181819,4.333333333333333
JC Archer,Death Overs,186,117,9,158.97435897435898,20.666666666666668
JC Buttler,Powerplay,1373,1023,32,134.21309872922777,42.90625
JC Buttler,Middle Overs,1614,1177,43,137.12829226847919,37.53488372093023
JC Buttler,Death Overs,596,319,21,186.83385579937303,28.38095238095238
JD Ryder,Powerplay,384,304,18,126.3157894736842,21.333333333333332
JD Ryder,Middle Overs,175,134,10,130.59701492537314,17.5
JD Ryder,Death Overs,45,28,1,160.71428571428572,45.0
JD Unadkat,Powerplay,0,0,0,,0.0
JD Unadkat,Middle Overs,23,28,1,82.14285714285714,23.0
JD Unadkat,Death Overs,174,142,13,122.53521126760563,13.384615384615385
JDP Oram,Powerplay,0,0,0,,0.0
JDP Oram,Middle Overs,44,59,3,74.57627118644068,14.666666666666666
JDP Oram,Death Overs,62,51,5,121.56862745098039,12.4
JDS Neesham,Powerplay,0,0,0,,0.0
JDS Neesham,Middle Overs,50,46,2,108.69565217391303,25.0
JDS Neesham,Death Overs,42,47,6,89.36170212765957,7.0
JE Root,Powerplay,9,13,0,69.23076923076923,9.0
JE Root,Middle Overs,1,2,1,50.0,1.0
JE Root,Death Overs,0,0,0,,0.0
JE Taylor,Powerplay,0,0,0,,0.0
JE Taylor,Middle Overs,0,0,0,,0.0
JE Taylor,Death Overs,3,4,0,75.0,3.0
JEC Franklin,Powerplay,52,79,3,65.82278481012658,17.333333333333332
JEC Franklin,Middle Overs,178,160,4,111.25,44.5
JEC Franklin,Death Overs,97,70,4,138.57142857142856,24.25
JH Kallis,Powerplay,901,904,34,99.66814159292035,26.5
JH Kallis,Middle Overs,1132,1156,34,97.92387543252595,33.294117647058826
JH Kallis,Death Overs,394,231,21,170.56277056277057,18.761904761904763
JJ Bumrah,Powerplay,0,0,0,,0.0
JJ Bumrah,Middle Overs,5,5,0,100.0,5.0
JJ Bumrah,Death Overs,63,75,8,84.0,7.875
JJ Roy,Powerplay,330,274,9,120.43795620437956,36.666666666666664
JJ Roy,Middle Overs,243,163,10,149.079754601227,24.3
JJ Roy,Death Overs,41,23,0,178.26086956521738,41.0
JJ van der Wath,Powerplay,0,0,0,,0.0
JJ van der Wath,Middle Overs,4,5,1,80.0,4.0
JJ van der Wath,Death Overs,14,12,1,116.66666666666667,14.0
JL Denly,Powerplay,0,1,1,0.0,0.0
JL Denly,Middle Overs,0,0,0,,0.0
JL Denly,Death Overs,0,0,0,,0.0
JL Pattinson,Powerplay,0,0,0,,0.0
JL Pattinson,Middle Overs,0,0,0,,0.0
JL Pattinson,Death Overs,15,13,1,115.38461538461537,15.0
JM Bairstow,Powerplay,716,521,18,137.42802303262954,39.77777777777778
JM Bairstow,Middle Overs,798,554,23,144.043321299639,34.69565217391305
JM Bairstow,Death Overs,75,57,7,131.57894736842107,10.714285714285714
JM Kemp,Powerplay,0,0,0,,0.0
JM Kemp,Middle Overs,22,16,1,137.5,22.0
JM Kemp,Death Overs,4,9,1,44.44444444444444,4.0
JM Sharma,Powerplay,9,13,1,69.23076923076923,9.0
JM Sharma,Middle Overs,457,338,16,135.20710059171597,28.5625
JM Sharma,Death Overs,264,150,15,176.0,17.6
JO Holder,Powerplay,8,14,1,57.14285714285714,8.0
JO Holder,Middle Overs,77,65,3,118.46153846153847,25.666666666666668
JO Holder,Death Overs,174,138,17,126.08695652173914,10.235294117647058
JP Behrendorff,Powerplay,0,0,0,,0.0
JP Behrendorff,Middle Overs,0,0,0,,0.0
JP Behrendorff,Death Overs,6,9,0,66.66666666666666,6.0
JP Duminy,Powerplay,184,197,4,93.4010152284264,46.0
JP Duminy,Middle Overs,963,953,19,101.04931794333683,50.68421052631579
JP Duminy,Death Overs,882,530,26,166.41509433962264,33.92307692307692
JP Faulkner,Powerplay,14,20,4,70.0,3.5
JP Faulkner,Middle Overs,74,92,3,80.43478260869566,24.666666666666668
JP Faulkner,Death Overs,439,294,21,149.31972789115648,20.904761904761905
JPR Scantlebury-Searles,Powerplay,0,0,0,,0.0
JPR Scantlebury-Searles,Middle Overs,0,0,0,,0.0
JPR Scantlebury-Searles,Death Overs,8,6,1,133.33333333333331,8.0
JR Hazlewood,Powerplay,0,0,0,,0.0
JR Hazlewood,Middle Overs,2,10,0,20.0,2.0
JR Hazlewood,Death Overs,17,19,0,89.47368421052632,17.0
JR Hopes,Powerplay,127,114,7,111.40350877192982,18.142857142857142
JR Hopes,Middle Overs,227,154,6,147.4025974025974,37.833333333333336
JR Hopes,Death Overs,63,46,4,136.95652173913044,15.75
JR Philippe,Powerplay,50,54,2,92.5925925925926,25.0
JR Philippe,Middle Overs,27,24,2,112.5,13.5
JR Philippe,Death Overs,1,2,0,50.0,1.0
Jaskaran Singh,Powerplay,0,0,0,,0.0
Jaskaran Singh,Middle Overs,1,2,1,50.0,1.0
Jaskaran Singh,Death Overs,7,9,1,77.77777777777779,7.0
Joginder Sharma,Powerplay,0,0,0,,0.0
Joginder Sharma,Middle Overs,0,2,1,0.0,0.0
Joginder Sharma,Death Overs,36,28,3,128.57142857142858,12.0
K Goel,Powerplay,137,146,6,93.83561643835617,22.833333333333332
K Goel,Middle Overs,51,62,6,82.25806451612904,8.5
K Goel,Death Overs,30,31,2,96.7741935483871,15.0
K Gowtham,Powerplay,7,5,1,140.0,7.0
K Gowtham,Middle Overs,76,57,7,133.33333333333331,10.857142857142858
K Gowtham,Death Overs,164,97,10,169.0721649484536,16.4
K Kartikeya,Powerplay,0,0,0,,0.0
K Kartikeya,Middle Overs,0,0,0,,0.0
K Kartikeya,Death Overs,9,13,2,69.23076923076923,4.5
K Rabada,Powerplay,0,0,0,,0.0
K Rabada,Middle Overs,54,69,2,78.26086956521739,27.0
K Rabada,Death Overs,152,138,14,110.14492753623189,10.857142857142858
K Upadhyay,Powerplay,0,0,0,,0.0
K Upadhyay,Middle Overs,0,0,0,,0.0
K Upadhyay,Death Overs,12,9,0,133.33333333333331,12.0
K Yadav,Powerplay,0,0,0,,0.0
K Yadav,Middle Overs,0,0,0,,0.0
K Yadav,Death Overs,0,4,0,0.0,0.0
KA Jamieson,Powerplay,0,0,0,,0.0
KA Jamieson,Middle Overs,12,19,0,63.1578947368421,12.0
KA Jamieson,Death Overs,53,36,3,147.22222222222223,17.666666666666668
KA Maharaj,Powerplay,0,0,0,,0.0
KA Maharaj,Middle Overs,0,0,0,,0.0
KA Maharaj,Death Overs,1,2,1,50.0,1.0
KA Pollard,Powerplay,37,31,4,119.35483870967742,9.25
KA Pollard,Middle Overs,1368,1146,38,119.37172774869109,36.0
KA Pollard,Death Overs,2032,1270,87,160.0,23.35632183908046
KAJ Roach,Powerplay,0,0,0,,0.0
KAJ Roach,Middle Overs,5,2,0,250.0,5.0
KAJ Roach,Death Overs,5,7,1,71.42857142857143,5.0
KB Arun Karthik,Powerplay,0,0,0,,0.0
KB Arun Karthik,Middle Overs,26,23,3,113.04347826086956,8.666666666666666
KB Arun Karthik,Death Overs,25,30,2,83.33333333333334,12.5
KC Cariappa,Powerplay,0,0,0,,0.0
KC Cariappa,Middle Overs,12,8,0,150.0,12.0
KC Cariappa,Death Overs,12,13,3,92.3076923076923,4.0
KC Sangakkara,Powerplay,350,321,7,109.03426791277258,50.0
KC Sangakkara,Middle Overs,1135,971,48,116.8898043254377,23.645833333333332
KC Sangakkara,Death Overs,202,132,14,153.03030303030303,14.428571428571429
KD Karthik,Powerplay,239,287,8,83.27526132404182,29.875
KD Karthik,Middle Overs,2700,2249,97,120.0533570475767,27.835051546391753
KD Karthik,Death Overs,1904,1151,84,165.42137271937446,22.666666666666668
KH Pandya,Powerplay,48,42,4,114.28571428571428,12.0
KH Pandya,Middle Overs,930,804,40,115.67164179104476,23.25
KH Pandya,Death Overs,669,441,30,151.70068027210883,22.3
KJ Abbott,Powerplay,0,0,0,,0.0
KJ Abbott,Middle Overs,0,1,1,0.0,0.0
KJ Abbott,Death Overs,13,7,0,185.71428571428572,13.0
KK Ahmed,Powerplay,0,0,0,,0.0
KK Ahmed,Middle Overs,0,0,0,,0.0
KK Ahmed,Death Overs,1,7,5,14.285714285714285,0.2
KK Cooper,Powerplay,0,0,0,,0.0
KK Cooper,Middle Overs,37,26,2,142.30769230769232,18.5
KK Cooper,Death Overs,79,44,7,179.54545454545453,11.285714285714286
KK Nair,Powerplay,426,339,10,125.66371681415929,42.6
KK Nair,Middle Overs,795,693,40,114.7186147186147,19.875
KK Nair,Death Overs,275,160,15,171.875,18.333333333333332
KL Nagarkoti,Powerplay,0,0,0,,0.0
KL Nagarkoti,Middle Overs,6,13,1,46.15384615384615,6.0
KL Nagarkoti,Death Overs,16,21,3,76.19047619047619,5.333333333333333
KL Rahul,Powerplay,1706,1422,30,119.971870604782,56.86666666666667
KL Rahul,Middle Overs,2231,1706,50,130.77373974208675,44.62
KL Rahul,Death Overs,752,450,26,167.11111111111111,28.923076923076923
KM Asif,Powerplay,0,0,0,,0.0
KM Asif,Middle Overs,0,2,1,0.0,0.0
KM Asif,Death Overs,0,0,0,,0.0
KM Jadhav,Powerplay,36,39,4,92.3076923076923,9.0
KM Jadhav,Middle Overs,607,556,27,109.1726618705036,22.48148148148148
KM Jadhav,Death Overs,565,417,23,135.4916067146283,24.565217391304348
KMA Paul,Powerplay,0,0,0,,0.0
KMA Paul,Middle Overs,0,0,0,,0.0
KMA Paul,Death Overs,18,26,4,69.23076923076923,4.5
KMDN Kulasekara,Powerplay,0,0,0,,0.0
KMDN Kulasekara,Middle Overs,0,0,0,,0.0
KMDN Kulasekara,Death Overs,5,3,0,166.66666666666669,5.0
KP Appanna,Powerplay,0,0,0,,0.0
KP Appanna,Middle Overs,0,0,0,,0.0
KP Appanna,Death Overs,2,4,1,50.0,2.0
KP Pietersen,Powerplay,283,231,3,122.5108225108225,94.33333333333333
KP Pietersen,Middle Overs,595,457,24,130.1969365426696,24.791666666666668
KP Pietersen,Death Overs,123,70,2,175.71428571428572,61.5
KR Mayers,Powerplay,252,194,6,129.89690721649484,42.0
KR Mayers,Middle Overs,127,82,7,154.8780487804878,18.142857142857142
KR Mayers,Death Overs,0,0,0,,0.0
KR Sen,Powerplay,0,0,0,,0.0
KR Sen,Middle Overs,0,0,0,,0.0
KR Sen,Death Overs,0,3,0,0.0,0.0
KS Bharat,Powerplay,46,47,2,97.87234042553192,23.0
KS Bharat,Middle Overs,121,100,4,121.0,30.25
KS Bharat,Death Overs,32,21,1,152.38095238095238,32.0
KS Sharma,Powerplay,5,11,1,45.45454545454545,5.0
KS Sharma,Middle Overs,11,14,2,78.57142857142857,5.5
KS Sharma,Death Overs,0,0,0,,0.0
KS Williamson,Powerplay,380,400,11,95.0,34.54545454545455
KS Williamson,Middle Overs,1292,1047,32,123.40019102196753,40.375
KS Williamson,Death Overs,460,287,16,160.2787456445993,28.75
KV Sharma,Powerplay,6,8,1,75.0,6.0
KV Sharma,Middle Overs,98,107,6,91.58878504672897,16.333333333333332
KV Sharma,Death Overs,247,191,18,129.3193717277487,13.722222222222221
KW Richardson,Powerplay,0,0,0,,0.0
KW Richardson,Middle Overs,19,18,0,105.55555555555556,19.0
KW Richardson,Death Overs,17,21,3,80.95238095238095,5.666666666666667
Kamran Akmal,Powerplay,50,40,2,125.0,25.0
Kamran Akmal,Middle Overs,52,21,2,247.61904761904762,26.0
Kamran Akmal,Death Overs,26,17,0,152.94117647058823,26.0
Kamran Khan,Powerplay,0,0,0,,0.0
Kamran Khan,Middle Overs,3,4,0,75.0,3.0
Kamran Khan,Death Overs,0,1,1,0.0,0.0
Karanveer Singh,Powerplay,0,0,0,,0.0
Karanveer Singh,Middle Overs,4,7,1,57.14285714285714,4.0
Karanveer Singh,Death Overs,8,10,0,80.0,8.0
Kartik Tyagi,Powerplay,0,0,0,,0.0
Kartik Tyagi,Middle Overs,0,0,0,,0.0
Kartik Tyagi,Death Overs,13,16,4,81.25,3.25
Kuldeep Yadav,Powerplay,0,0,0,,0.0
Kuldeep Yadav,Middle Overs,20,37,0,54.054054054054056,20.0
Kuldeep Yadav,Death Overs,163,187,10,87.16577540106952,16.3
Kumar Kushagra,Powerplay,2,3,1,66.66666666666666,2.0
Kumar Kushagra,Middle Overs,1,3,1,33.33333333333333,1.0
Kumar Kushagra,Death Overs,0,1,1,0.0,0.0
L Ablish,Powerplay,0,0,0,,0.0
L Ablish,Middle Overs,0,0,0,,0.0
L Ablish,Death Overs,0,2,0,0.0,0.0
L Balaji,Powerplay,0,0,0,,0.0
L Balaji,Middle Overs,1,4,0,25.0,1.0
L Balaji,Death Overs,35,46,7,76.08695652173914,5.0
L Ronchi,Powerplay,34,37,3,91.8918918918919,11.333333333333334
L Ronchi,Middle Overs,0,0,0,,0.0
L Ronchi,Death Overs,0,0,0,,0.0
L Wood,Powerplay,0,0,0,,0.0
L Wood,Middle Overs,0,0,0,,0.0
L Wood,Death Overs,9,3,0,300.0,9.0
LA Carseldine,Powerplay,25,27,1,92.5925925925926,25.0
LA Carseldine,Middle Overs,36,31,2,116.12903225806453,18.0
LA Carseldine,Death Overs,20,13,0,153.84615384615387,20.0
LA Pomersbach,Powerplay,88,69,2,127.53623188405795,44.0
LA Pomersbach,Middle Overs,147,131,5,112.21374045801527,29.4
LA Pomersbach,Death Overs,67,51,4,131.37254901960785,16.75
LB Williams,Powerplay,0,0,0,,0.0
LB Williams,Middle Overs,0,0,0,,0.0
LB Williams,Death Overs,1,2,0,50.0,1.0
LE Plunkett,Powerplay,0,0,0,,0.0
LE Plunkett,Middle Overs,0,0,0,,0.0
LE Plunkett,Death Overs,1,3,1,33.33333333333333,1.0
LH Ferguson,Powerplay,0,0,0,,0.0
LH Ferguson,Middle Overs,0,0,0,,0.0
LH Ferguson,Death Overs,68,48,4,141.66666666666669,17.0
LJ Wright,Powerplay,7,4,0,175.0,7.0
LJ Wright,Middle Overs,15,21,1,71.42857142857143,15.0
LJ Wright,Death Overs,84,38,3,221.0526315789474,28.0
LMP Simmons,Powerplay,442,419,10,105.48926014319808,44.2
LMP Simmons,Middle Overs,581,421,14,138.0047505938242,41.5
LMP Simmons,Death Overs,56,38,3,147.36842105263156,18.666666666666668
LPC Silva,Powerplay,1,1,0,100.0,1.0
LPC Silva,Middle Overs,16,16,2,100.0,8.0
LPC Silva,Death Overs,23,10,0,229.99999999999997,23.0
LR Shukla,Powerplay,1,3,0,33.33333333333333,1.0
LR Shukla,Middle Overs,185,184,15,100.54347826086956,12.333333333333334
LR Shukla,Death Overs,219,171,14,128.0701754385965,15.642857142857142
LRPL Taylor,Powerplay,111,89,2,124.7191011235955,55.5
LRPL Taylor,Middle Overs,594,554,27,107.22021660649818,22.0
LRPL Taylor,Death Overs,312,204,12,152.94117647058823,26.0
LS Livingstone,Powerplay,117,87,6,134.48275862068965,19.5
LS Livingstone,Middle Overs,538,379,17,141.95250659630608,31.647058823529413
LS Livingstone,Death Overs,284,143,10,198.6013986013986,28.4
Lalit Yadav,Powerplay,6,14,0,42.857142857142854,6.0
Lalit Yadav,Middle Overs,205,202,10,101.48514851485149,20.5
Lalit Yadav,Death Overs,94,85,5,110.58823529411765,18.8
Liton Das,Powerplay,4,4,1,100.0,4.0
Liton Das,Middle Overs,0,0,0,,0.0
Liton Das,Death Overs,0,0,0,,0.0
M Ashwin,Powerplay,0,0,0,,0.0
M Ashwin,Middle Overs,5,13,2,38.46153846153847,2.5
M Ashwin,Death Overs,30,37,6,81.08108108108108,5.0
M Jansen,Powerplay,0,0,0,,0.0
M Jansen,Middle Overs,23,22,1,104.54545454545455,23.0
M Jansen,Death Overs,43,49,7,87.75510204081633,6.142857142857143
M Kaif,Powerplay,20,32,2,62.5,10.0
M Kaif,Middle Overs,185,181,8,102.20994475138122,23.125
M Kaif,Death Overs,54,45,6,120.0,9.0
M Kartik,Powerplay,0,0,0,,0.0
M Kartik,Middle Overs,35,32,1,109.375,35.0
M Kartik,Death Overs,78,77,6,101.29870129870129,13.0
M Klinger,Powerplay,43,45,1,95.55555555555556,43.0
M Klinger,Middle Overs,30,33,3,90.9090909090909,10.0
M Klinger,Death Overs,0,0,0,,0.0
M Manhas,Powerplay,25,36,2,69.44444444444444,12.5
M Manhas,Middle Overs,245,260,11,94.23076923076923,22.272727272727273
M Manhas,Death Overs,244,190,11,128.42105263157896,22.181818181818183
M Markande,Powerplay,0,0,0,,0.0
M Markande,Middle Overs,0,1,0,0.0,0.0
M Markande,Death Overs,48,43,3,111.62790697674419,16.0
M Morkel,Powerplay,0,0,0,,0.0
M Morkel,Middle Overs,10,10,0,100.0,10.0
M Morkel,Death Overs,116,83,11,139.75903614457832,10.545454545454545
M Muralitharan,Powerplay,0,0,0,,0.0
M Muralitharan,Middle Overs,0,0,0,,0.0
M Muralitharan,Death Overs,20,30,6,66.66666666666666,3.3333333333333335
M Ntini,Powerplay,0,0,0,,0.0
M Ntini,Middle Overs,0,0,0,,0.0
M Ntini,Death Overs,11,19,1,57.89473684210527,11.0
M Prasidh Krishna,Powerplay,0,0,0,,0.0
M Prasidh Krishna,Middle Overs,0,0,0,,0.0
M Prasidh Krishna,Death Overs,9,24,2,37.5,4.5
M Rawat,Powerplay,0,2,1,0.0,0.0
M Rawat,Middle Overs,15,22,1,68.18181818181817,15.0
M Rawat,Death Overs,40,46,3,86.95652173913044,13.333333333333334
M Shahrukh Khan,Powerplay,20,11,0,181.8181818181818,20.0
M Shahrukh Khan,Middle Overs,230,199,10,115.57788944723617,23.0
M Shahrukh Khan,Death Overs,303,203,15,149.26108374384236,20.2
M Theekshana,Powerplay,0,0,0,,0.0
M Theekshana,Middle Overs,0,3,1,0.0,0.0
M Theekshana,Death Overs,7,4,0,175.0,7.0
M Vijay,Powerplay,1360,1246,45,109.14927768860355,30.22222222222222
M Vijay,Middle Overs,1134,890,47,127.41573033707864,24.127659574468087
M Vijay,Death Overs,125,72,5,173.61111111111111,25.0
M Vohra,Powerplay,579,490,20,118.16326530612244,28.95
M Vohra,Middle Overs,442,345,25,128.1159420289855,17.68
M Vohra,Death Overs,62,28,3,221.42857142857144,20.666666666666668
M de Lange,Powerplay,0,0,0,,0.0
M de Lange,Middle Overs,0,0,0,,0.0
M de Lange,Death Overs,1,2,1,50.0,1.0
MA Agarwal,Powerplay,1257,1055,49,119.14691943127961,25.653061224489797
MA Agarwal,Middle Overs,1165,907,55,128.44542447629547,21.181818181818183
MA Agarwal,Death Overs,247,119,12,207.56302521008405,20.583333333333332
MA Khote,Powerplay,0,0,0,,0.0
MA Khote,Middle Overs,6,7,0,85.71428571428571,6.0
MA Khote,Death Overs,18,15,2,120.0,9.0
MA Starc,Powerplay,0,0,0,,0.0
MA Starc,Middle Overs,37,35,1,105.71428571428572,37.0
MA Starc,Death Overs,68,74,7,91.8918918918919,9.714285714285714
MA Wood,Powerplay,0,0,0,,0.0
MA Wood,Middle Overs,0,0,0,,0.0
MA Wood,Death Overs,12,10,2,120.0,6.0
MC Henriques,Powerplay,103,101,2,101.98019801980197,51.5
MC Henriques,Middle Overs,562,496,22,113.30645161290323,25.545454545454547
MC Henriques,Death Overs,335,204,14,164.2156862745098,23.928571428571427
MC Juneja,Powerplay,17,10,1,170.0,17.0
MC Juneja,Middle Overs,91,108,4,84.25925925925925,22.75
MC Juneja,Death Overs,17,16,2,106.25,8.5
MD Mishra,Powerplay,106,111,7,95.4954954954955,15.142857142857142
MD Mishra,Middle Overs,104,83,7,125.30120481927712,14.857142857142858
MD Mishra,Death Overs,27,19,1,142.10526315789474,27.0
MD Shanaka,Powerplay,0,0,0,,0.0
MD Shanaka,Middle Overs,17,17,1,100.0,17.0
MD Shanaka,Death Overs,9,9,1,100.0,9.0
MDKJ Perera,Powerplay,14,13,2,107.6923076923077,7.0
MDKJ Perera,Middle Overs,0,0,0,,0.0
MDKJ Perera,Death Overs,0,0,0,,0.0
MEK Hussey,Powerplay,683,686,18,99.56268221574344,37.94444444444444
MEK Hussey,Middle Overs,1033,824,27,125.36407766990291,38.25925925925926
MEK Hussey,Death Overs,261,138,7,189.1304347826087,37.285714285714285
MF Maharoof,Powerplay,0,0,0,,0.0
MF Maharoof,Middle Overs,42,34,3,123.52941176470588,14.0
MF Maharoof,Death Overs,135,90,7,150.0,19.285714285714285
MG Bracewell,Powerplay,1,1,0,100.0,1.0
MG Bracewell,Middle Overs,44,34,2,129.41176470588235,22.0
MG Bracewell,Death Overs,13,14,0,92.85714285714286,13.0
MG Johnson,Powerplay,0,0,0,,0.0
MG Johnson,Middle Overs,10,21,2,47.61904761904761,5.0
MG Johnson,Death Overs,157,147,12,106.80272108843538,13.083333333333334
MJ Clarke,Powerplay,55,54,2,101.85185185185186,27.5
MJ Clarke,Middle Overs,43,42,4,102.38095238095238,10.75
MJ Clarke,Death Overs,0,0,0,,0.0
MJ Guptill,Powerplay,196,141,6,139.00709219858157,32.666666666666664
MJ Guptill,Middle Overs,75,56,6,133.92857142857142,12.5
MJ Guptill,Death Overs,0,0,0,,0.0
MJ Lumb,Powerplay,213,144,6,147.91666666666669,35.5
MJ Lumb,Middle Overs,65,54,4,120.37037037037037,16.25
MJ Lumb,Death Overs,0,0,0,,0.0
MJ McClenaghan,Powerplay,0,1,1,0.0,0.0
MJ McClenaghan,Middle Overs,29,20,2,145.0,14.5
MJ McClenaghan,Death Overs,56,52,8,107.6923076923077,7.0
MJ Santner,Powerplay,16,25,1,64.0,16.0
MJ Santner,Middle Overs,22,28,2,78.57142857142857,11.0
MJ Santner,Death Overs,32,24,3,133.33333333333331,10.666666666666666
MJ Suthar,Powerplay,0,0,0,,0.0
MJ Suthar,Middle Overs,0,0,0,,0.0
MJ Suthar,Death Overs,1,2,1,50.0,1.0
MK Lomror,Powerplay,16,23,2,69.56521739130434,8.0
MK Lomror,Middle Overs,281,213,12,131.92488262910797,23.416666666666668
MK Lomror,Death Overs,230,153,16,150.32679738562092,14.375
MK Pandey,Powerplay,882,815,31,108.22085889570552,28.451612903225808
MK Pandey,Middle Overs,2304,1999,69,115.2576288144072,33.391304347826086
MK Pandey,Death Overs,673,474,33,141.9831223628692,20.393939393939394
MK Tiwary,Powerplay,162,164,9,98.78048780487805,18.0
MK Tiwary,Middle Overs,936,899,24,104.11568409343714,39.0
MK Tiwary,Death Overs,597,426,28,140.14084507042253,21.321428571428573
ML Hayden,Powerplay,500,417,12,119.90407673860912,41.666666666666664
ML Hayden,Middle Overs,511,369,14,138.48238482384824,36.5
ML Hayden,Death Overs,96,53,2,181.13207547169813,48.0
MM Ali,Powerplay,138,120,4,114.99999999999999,34.5
MM Ali,Middle Overs,745,564,31,132.0921985815603,24.032258064516128
MM Ali,Death Overs,279,165,14,169.0909090909091,19.928571428571427
MM Patel,Powerplay,0,0,0,,0.0
MM Patel,Middle Overs,0,3,2,0.0,0.0
MM Patel,Death Overs,39,38,3,102.63157894736842,13.0
MM Sharma,Powerplay,0,0,0,,0.0
MM Sharma,Middle Overs,36,49,4,73.46938775510205,9.0
MM Sharma,Death Overs,88,88,12,100.0,7.333333333333333
MN Samuels,Powerplay,7,18,1,38.88888888888889,7.0
MN Samuels,Middle Overs,129,139,10,92.80575539568345,12.9
MN Samuels,Death Overs,25,17,1,147.05882352941177,25.0
MN van Wyk,Powerplay,27,26,1,103.84615384615385,27.0
MN van Wyk,Middle Overs,74,66,1,112.12121212121211,74.0
MN van Wyk,Death Overs,66,43,1,153.48837209302326,66.0
MP Stoinis,Powerplay,207,176,7,117.61363636363636,29.571428571428573
MP Stoinis,Middle Overs,909,719,30,126.42559109874827,30.3
MP Stoinis,Death Overs,750,471,30,159.23566878980893,25.0
MR Marsh,Powerplay,184,138,10,133.33333333333331,18.4
MR Marsh,Middle Overs,313,273,8,114.65201465201464,39.125
MR Marsh,Death Overs,168,121,14,138.84297520661158,12.0
MS Bisla,Powerplay,387,404,17,95.79207920792079,22.764705882352942
MS Bisla,Middle Overs,359,300,18,119.66666666666667,19.944444444444443
MS Bisla,Death Overs,52,33,2,157.57575757575756,26.0
MS Dhoni,Powerplay,28,44,1,63.63636363636363,28.0
MS Dhoni,Middle Overs,1923,1945,44,98.86889460154241,43.70454545454545
MS Dhoni,Death Overs,3292,1958,104,168.13074565883554,31.653846153846153
MS Gony,Powerplay,0,0,0,,0.0
MS Gony,Middle Overs,11,17,3,64.70588235294117,3.6666666666666665
MS Gony,Death Overs,88,59,6,149.15254237288136,14.666666666666666
MS Wade,Powerplay,106,89,4,119.10112359550563,26.5
MS Wade,Middle Overs,77,96,9,80.20833333333334,8.555555555555555
MS Wade,Death Overs,0,0,0,,0.0
MV Boucher,Powerplay,19,14,0,135.71428571428572,19.0
MV Boucher,Middle Overs,140,152,7,92.10526315789474,20.0
MV Boucher,Death Overs,235,152,8,154.60526315789474,29.375
MW Short,Powerplay,92,73,3,126.02739726027397,30.666666666666668
MW Short,Middle Overs,25,26,3,96.15384615384616,8.333333333333334
MW Short,Death Overs,0,0,0,,0.0
Mandeep Singh,Powerplay,535,479,26,111.69102296450939,20.576923076923077
Mandeep Singh,Middle Overs,761,659,34,115.47799696509864,22.38235294117647
Mandeep Singh,Death Overs,410,280,25,146.42857142857142,16.4
Mashrafe Mortaza,Powerplay,0,0,0,,0.0
Mashrafe Mortaza,Middle Overs,0,0,0,,0.0
Mashrafe Mortaza,Death Overs,2,2,0,100.0,2.0
Mayank Dagar,Powerplay,0,0,0,,0.0
Mayank Dagar,Middle Overs,0,0,0,,0.0
Mayank Dagar,Death Overs,0,1,0,0.0,0.0
Misbah-ul-Haq,Powerplay,26,15,2,173.33333333333334,13.0
Misbah-ul-Haq,Middle Overs,49,47,4,104.25531914893618,12.25
Misbah-ul-Haq,Death Overs,42,20,3,210.0,14.0
Mohammad Ashraful,Powerplay,2,12,1,16.666666666666664,2.0
Mohammad Ashraful,Middle Overs,0,0,0,,0.0
Mohammad Ashraful,Death Overs,0,0,0,,0.0
Mohammad Asif,Powerplay,0,0,0,,0.0
Mohammad Asif,Middle Overs,2,3,0,66.66666666666666,2.0
Mohammad Asif,Death Overs,1,3,2,33.33333333333333,0.5
Mohammad Hafeez,Powerplay,24,30,3,80.0,8.0
Mohammad Hafeez,Middle Overs,30,45,4,66.66666666666666,7.5
Mohammad Hafeez,Death Overs,10,9,1,111.11111111111111,10.0
Mohammad Nabi,Powerplay,9,10,1,90.0,9.0
Mohammad Nabi,Middle Overs,83,55,4,150.9090909090909,20.75
Mohammad Nabi,Death Overs,129,92,12,140.2173913043478,10.75
Mohammed Shami,Powerplay,0,0,0,,0.0
Mohammed Shami,Middle Overs,15,15,4,100.0,3.75
Mohammed Shami,Death Overs,59,67,9,88.05970149253731,6.555555555555555
Mohammed Siraj,Powerplay,0,0,0,,0.0
Mohammed Siraj,Middle Overs,0,0,0,,0.0
Mohammed Siraj,Death Overs,109,122,10,89.34426229508196,10.9
Mohit Rathee,Powerplay,0,0,0,,0.0
Mohit Rathee,Middle Overs,0,0,0,,0.0
Mohit Rathee,Death Overs,1,2,0,50.0,1.0
Mohsin Khan,Powerplay,0,0,0,,0.0
Mohsin Khan,Middle Overs,1,3,1,33.33333333333333,1.0
Mohsin Khan,Death Overs,24,24,1,100.0,24.0
Mujeeb Ur Rahman,Powerplay,0,0,0,,0.0
Mujeeb Ur Rahman,Middle Overs,1,3,1,33.33333333333333,1.0
Mujeeb Ur Rahman,Death Overs,11,12,2,91.66666666666666,5.5
Mukesh Choudhary,Powerplay,0,0,0,,0.0
Mukesh Choudhary,Middle Overs,4,4,0,100.0,4.0
Mukesh Choudhary,Death Overs,2,2,0,100.0,2.0
Mukesh Kumar,Powerplay,0,0,0,,0.0
Mukesh Kumar,Middle Overs,0,0,0,,0.0
Mukesh Kumar,Death Overs,10,20,1,50.0,10.0
Mustafizur Rahman,Powerplay,0,0,0,,0.0
Mustafizur Rahman,Middle Overs,0,0,0,,0.0
Mustafizur Rahman,Death Overs,13,23,1,56.52173913043478,13.0
N Jagadeesan,Powerplay,62,61,5,101.63934426229508,12.4
N Jagadeesan,Middle Overs,89,78,4,114.1025641025641,22.25
N Jagadeesan,Death Overs,11,16,0,68.75,11.0
N Pooran,Powerplay,33,30,4,110.00000000000001,8.25
N Pooran,Middle Overs,1022,667,25,153.22338830584707,40.88
N Pooran,Death Overs,714,446,27,160.0896860986547,26.444444444444443
N Rana,Powerplay,443,410,11,108.04878048780489,40.27272727272727
N Rana,Middle Overs,1787,1362,61,131.20411160058737,29.295081967213115
N Rana,Death Overs,406,243,22,167.0781893004115,18.454545454545453
N Saini,Powerplay,63,72,2,87.5,31.5
N Saini,Middle Overs,70,63,6,111.11111111111111,11.666666666666666
N Saini,Death Overs,7,8,3,87.5,2.3333333333333335
N Wadhera,Powerplay,11,13,1,84.61538461538461,11.0
N Wadhera,Middle Overs,240,192,6,125.0,40.0
N Wadhera,Death Overs,99,56,8,176.78571428571428,12.375
ND Doshi,Powerplay,0,0,0,,0.0
ND Doshi,Middle Overs,0,0,0,,0.0
ND Doshi,Death Overs,0,13,1,0.0,0.0
NJ Maddinson,Powerplay,20,21,3,95.23809523809523,6.666666666666667
NJ Maddinson,Middle Overs,0,0,0,,0.0
NJ Maddinson,Death Overs,0,0,0,,0.0
NJ Rimmington,Powerplay,0,0,0,,0.0
NJ Rimmington,Middle Overs,0,0,0,,0.0
NJ Rimmington,Death Overs,1,1,0,100.0,1.0
NK Patel,Powerplay,35,49,1,71.42857142857143,35.0
NK Patel,Middle Overs,49,52,3,94.23076923076923,16.333333333333332
NK Patel,Death Overs,37,23,1,160.8695652173913,37.0
NL McCullum,Powerplay,0,0,0,,0.0
NL McCullum,Middle Overs,6,5,0,120.0,6.0
NL McCullum,Death Overs,20,18,3,111.11111111111111,6.666666666666667
NLTC Perera,Powerplay,15,13,1,115.38461538461537,15.0
NLTC Perera,Middle Overs,142,124,7,114.51612903225808,20.285714285714285
NLTC Perera,Death Overs,267,189,16,141.26984126984127,16.6875
NM Coulter-Nile,Powerplay,0,0,0,,0.0
NM Coulter-Nile,Middle Overs,9,16,1,56.25,9.0
NM Coulter-Nile,Death Overs,73,59,9,123.72881355932203,8.11111111111111
NS Naik,Powerplay,7,17,1,41.17647058823529,7.0
NS Naik,Middle Overs,11,14,0,78.57142857142857,11.0
NS Naik,Death Overs,13,22,3,59.09090909090909,4.333333333333333
NT Ellis,Powerplay,0,0,0,,0.0
NT Ellis,Middle Overs,0,7,2,0.0,0.0
NT Ellis,Death Overs,19,19,2,100.0,9.5
NV Ojha,Powerplay,397,427,19,92.97423887587823,20.894736842105264
NV Ojha,Middle Overs,746,625,28,119.36,26.642857142857142
NV Ojha,Death Overs,411,308,27,133.44155844155844,15.222222222222221
Naman Dhir,Powerplay,33,35,4,94.28571428571428,8.25
Naman Dhir,Middle Overs,50,22,1,227.27272727272728,50.0
Naman Dhir,Death Overs,57,27,1,211.11111111111111,57.0
Navdeep Saini,Powerplay,0,1,0,0.0,0.0
Navdeep Saini,Middle Overs,5,10,2,50.0,2.5
Navdeep Saini,Death Overs,28,27,2,103.7037037037037,14.0
Naveen-ul-Haq,Powerplay,0,0,0,,0.0
Naveen-ul-Haq,Middle Overs,1,5,1,20.0,1.0
Naveen-ul-Haq,Death Overs,17,21,1,80.95238095238095,17.0
Nithish Kumar Reddy,Powerplay,20,26,1,76.92307692307693,20.0
Nithish Kumar Reddy,Middle Overs,230,164,6,140.2439024390244,38.333333333333336
Nithish Kumar Reddy,Death Overs,53,31,2,170.96774193548387,26.5
Noor Ahmad,Powerplay,0,0,0,,0.0
Noor Ahmad,Middle Overs,1,3,1,33.33333333333333,1.0
Noor Ahmad,Death Overs,12,15,3,80.0,4.0
OA Shah,Powerplay,11,10,0,110.00000000000001,11.0
OA Shah,Middle Overs,226,216,4,104.62962962962963,56.5
OA Shah,Death Overs,269,179,9,150.27932960893855,29.88888888888889
OC McCoy,Powerplay,0,0,0,,0.0
OC McCoy,Middle Overs,0,0,0,,0.0
OC McCoy,Death Overs,8,5,0,160.0,8.0
OF Smith,Powerplay,0,0,0,,0.0
OF Smith,Middle Overs,3,10,1,30.0,3.0
OF Smith,Death Overs,48,40,2,120.0,24.0
P Awana,Powerplay,0,0,0,,0.0
P Awana,Middle Overs,0,0,0,,0.0
P Awana,Death Overs,5,14,3,35.714285714285715,1.6666666666666667
P Chopra,Powerplay,0,0,0,,0.0
P Chopra,Middle Overs,8,6,1,133.33333333333331,8.0
P Chopra,Death Overs,0,0,0,,0.0
P Dogra,Powerplay,0,0,0,,0.0
P Dogra,Middle Overs,54,77,2,70.12987012987013,27.0
P Dogra,Death Overs,73,64,10,114.0625,7.3
P Dubey,Powerplay,0,0,0,,0.0
P Dubey,Middle Overs,13,16,0,81.25,13.0
P Dubey,Death Overs,10,17,1,58.82352941176471,10.0
P Kumar,Powerplay,6,8,2,75.0,3.0
P Kumar,Middle Overs,40,47,3,85.1063829787234,13.333333333333334
P Kumar,Death Overs,294,268,29,109.70149253731343,10.137931034482758
P Negi,Powerplay,4,3,1,133.33333333333331,4.0
P Negi,Middle Overs,104,107,7,97.19626168224299,14.857142857142858
P Negi,Death Overs,257,191,18,134.55497382198953,14.277777777777779
P Parameswaran,Powerplay,0,0,0,,0.0
P Parameswaran,Middle Overs,0,0,0,,0.0
P Parameswaran,Death Overs,1,3,0,33.33333333333333,1.0
P Ray Barman,Powerplay,0,0,0,,0.0
P Ray Barman,Middle Overs,19,24,0,79.16666666666666,19.0
P Ray Barman,Death Overs,0,1,1,0.0,0.0
P Sahu,Powerplay,0,0,0,,0.0
P Sahu,Middle Overs,0,0,0,,0.0
P Sahu,Death Overs,19,13,0,146.15384615384613,19.0
P Simran Singh,Powerplay,427,307,18,139.08794788273616,23.72222222222222
P Simran Singh,Middle Overs,276,186,14,148.38709677419354,19.714285714285715
P Simran Singh,Death Overs,53,35,3,151.42857142857142,17.666666666666668
PA Patel,Powerplay,1608,1413,62,113.8004246284501,25.93548387096774
PA Patel,Middle Overs,1145,957,57,119.64472309299896,20.087719298245613
PA Patel,Death Overs,95,72,8,131.94444444444443,11.875
PA Reddy,Powerplay,84,96,5,87.5,16.8
PA Reddy,Middle Overs,65,66,4,98.48484848484848,16.25
PA Reddy,Death Overs,15,5,1,300.0,15.0
PBB Rajapaksa,Powerplay,68,39,3,174.35897435897436,22.666666666666668
PBB Rajapaksa,Middle Overs,203,154,7,131.8181818181818,29.0
PBB Rajapaksa,Death Overs,6,8,2,75.0,3.0
PC Valthaty,Powerplay,284,259,14,109.65250965250965,20.285714285714285
PC Valthaty,Middle Overs,175,151,7,115.89403973509933,25.0
PC Valthaty,Death Overs,46,22,1,209.0909090909091,46.0
PD Collingwood,Powerplay,18,11,0,163.63636363636365,18.0
PD Collingwood,Middle Overs,104,103,3,100.97087378640776,34.666666666666664
PD Collingwood,Death Overs,81,45,1,180.0,81.0
PD Salt,Powerplay,358,217,12,164.97695852534562,29.833333333333332
PD Salt,Middle Overs,260,149,7,174.49664429530202,37.142857142857146
PD Salt,Death Overs,35,19,1,184.21052631578948,35.0
PJ Cummins,Powerplay,0,0,0,,0.0
PJ Cummins,Middle Overs,145,112,5,129.46428571428572,29.0
PJ Cummins,Death Overs,370,247,24,149.79757085020242,15.416666666666666
PJ Sangwan,Powerplay,0,0,0,,0.0
PJ Sangwan,Middle Overs,4,10,0,40.0,4.0
PJ Sangwan,Death Overs,22,37,8,59.45945945945946,2.75
PK Garg,Powerplay,41,47,4,87.2340425531915,10.25
PK Garg,Middle Overs,167,159,9,105.0314465408805,18.555555555555557
PK Garg,Death Overs,65,41,6,158.53658536585365,10.833333333333334
PM Sarvesh Kumar,Powerplay,0,0,0,,0.0
PM Sarvesh Kumar,Middle Overs,0,0,0,,0.0
PM Sarvesh Kumar,Death Overs,1,2,0,50.0,1.0
PN Mankad,Powerplay,26,28,2,92.85714285714286,13.0
PN Mankad,Middle Overs,53,36,1,147.22222222222223,53.0
PN Mankad,Death Overs,18,11,0,163.63636363636365,18.0
PP Chawla,Powerplay,10,9,1,111.11111111111111,10.0
PP Chawla,Middle Overs,161,184,8,87.5,20.125
PP Chawla,Death Overs,453,387,48,117.05426356589147,9.4375
PP Ojha,Powerplay,0,0,0,,0.0
PP Ojha,Middle Overs,0,2,1,0.0,0.0
PP Ojha,Death Overs,16,43,9,37.2093023255814,1.7777777777777777
PP Shaw,Powerplay,1202,859,49,139.930151338766,24.53061224489796
PP Shaw,Middle Overs,660,440,25,150.0,26.4
PP Shaw,Death Overs,30,22,3,136.36363636363635,10.0
PR Shah,Powerplay,14,24,0,58.333333333333336,14.0
PR Shah,Middle Overs,51,49,4,104.08163265306123,12.75
PR Shah,Death Overs,27,24,4,112.5,6.75
PSP Handscomb,Powerplay,0,0,0,,0.0
PSP Handscomb,Middle Overs,6,12,1,50.0,6.0
PSP Handscomb,Death Overs,0,0,0,,0.0
PV Tambe,Powerplay,0,0,0,,0.0
PV Tambe,Middle Overs,6,9,0,66.66666666666666,6.0
PV Tambe,Death Overs,12,30,1,40.0,12.0
PVD Chameera,Powerplay,0,0,0,,0.0
PVD Chameera,Middle Overs,0,0,0,,0.0
PVD Chameera,Death Overs,43,32,3,134.375,14.333333333333334
PWH de Silva,Powerplay,0,0,0,,0.0
PWH de Silva,Middle Overs,17,27,1,62.96296296296296,17.0
PWH de Silva,Death Overs,55,53,10,103.77358490566037,5.5
Pankaj Singh,Powerplay,0,0,0,,0.0
Pankaj Singh,Middle Overs,0,0,0,,0.0
Pankaj Singh,Death Overs,7,12,2,58.333333333333336,3.5
Parvez Rasool,Powerplay,0,0,0,,0.0
Parvez Rasool,Middle Overs,0,0,0,,0.0
Parvez Rasool,Death Overs,17,20,2,85.0,8.5
Q de Kock,Powerplay,1622,1273,49,127.41555380989789,33.10204081632653
Q de Kock,Middle Overs,1352,1041,44,129.87512007684919,30.727272727272727
Q de Kock,Death Overs,186,96,8,193.75,23.25
R Ashwin,Powerplay,47,50,4,94.0,11.75
R Ashwin,Middle Overs,277,276,15,100.36231884057972,18.466666666666665
R Ashwin,Death Overs,476,372,40,127.95698924731182,11.9
R Bhatia,Powerplay,0,0,0,,0.0
R Bhatia,Middle Overs,91,113,6,80.53097345132744,15.166666666666666
R Bhatia,Death Overs,251,177,23,141.80790960451978,10.91304347826087
R Bishnoi,Powerplay,18,14,1,128.57142857142858,18.0
R Bishnoi,Middle Overs,0,1,1,0.0,0.0
R Bishnoi,Death Overs,1,2,1,50.0,1.0
R Dhawan,Powerplay,0,0,0,,0.0
R Dhawan,Middle Overs,42,55,2,76.36363636363637,21.0
R Dhawan,Death Overs,168,133,8,126.3157894736842,21.0
R Dravid,Powerplay,694,695,15,99.85611510791367,46.266666666666666
R Dravid,Middle Overs,1280,1103,46,116.04714415231187,27.82608695652174
R Dravid,Death Overs,200,120,16,166.66666666666669,12.5
R McLaren,Powerplay,10,16,0,62.5,10.0
R McLaren,Middle Overs,80,101,2,79.20792079207921,40.0
R McLaren,Death Overs,69,61,6,113.11475409836065,11.5
R Ninan,Powerplay,0,0,0,,0.0
R Ninan,Middle Overs,0,0,0,,0.0
R Ninan,Death Overs,3,6,1,50.0,3.0
R Parag,Powerplay,22,23,1,95.65217391304348,22.0
R Parag,Middle Overs,668,567,16,117.81305114638447,41.75
R Parag,Death Overs,483,319,30,151.41065830721004,16.1
R Powell,Powerplay,0,0,0,,0.0
R Powell,Middle Overs,131,132,9,99.24242424242425,14.555555555555555
R Powell,Death Overs,229,122,11,187.70491803278688,20.818181818181817
R Rampaul,Powerplay,0,0,0,,0.0
R Rampaul,Middle Overs,15,16,1,93.75,15.0
R Rampaul,Death Overs,36,36,4,100.0,9.0
R Ravindra,Powerplay,154,109,5,141.28440366972478,30.8
R Ravindra,Middle Overs,68,37,4,183.7837837837838,17.0
R Ravindra,Death Overs,0,0,0,,0.0
R Sai Kishore,Powerplay,0,0,0,,0.0
R Sai Kishore,Middle Overs,0,0,0,,0.0
R Sai Kishore,Death Overs,13,6,1,216.66666666666666,13.0
R Sanjay Yadav,Powerplay,0,0,0,,0.0
R Sanjay Yadav,Middle Overs,0,0,0,,0.0
R Sanjay Yadav,Death Overs,0,2,1,0.0,0.0
R Sathish,Powerplay,0,7,1,0.0,0.0
R Sathish,Middle Overs,106,107,6,99.06542056074767,17.666666666666668
R Sathish,Death Overs,164,122,9,134.4262295081967,18.22222222222222
R Sharma,Powerplay,0,0,0,,0.0
R Sharma,Middle Overs,1,2,0,50.0,1.0
R Sharma,Death Overs,65,75,11,86.66666666666667,5.909090909090909
R Shepherd,Powerplay,0,0,0,,0.0
R Shepherd,Middle Overs,24,19,1,126.3157894736842,24.0
R Shepherd,Death Overs,91,49,5,185.71428571428572,18.2
R Shukla,Powerplay,0,0,0,,0.0
R Shukla,Middle Overs,1,1,0,100.0,1.0
R Shukla,Death Overs,18,22,2,81.81818181818183,9.0
R Tewatia,Powerplay,4,2,0,200.0,4.0
R Tewatia,Middle Overs,300,333,15,90.09009009009009,20.0
R Tewatia,Death Overs,709,453,28,156.5121412803532,25.321428571428573
R Vinay Kumar,Powerplay,0,0,0,,0.0
R Vinay Kumar,Middle Overs,48,50,1,96.0,48.0
R Vinay Kumar,Death Overs,262,239,25,109.62343096234311,10.48
RA Bawa,Powerplay,0,0,0,,0.0
RA Bawa,Middle Overs,11,14,2,78.57142857142857,5.5
RA Bawa,Death Overs,0,0,0,,0.0
RA Jadeja,Powerplay,34,34,0,100.0,34.0
RA Jadeja,Middle Overs,1245,1168,34,106.59246575342465,36.61764705882353
RA Jadeja,Death Overs,1680,1176,80,142.85714285714286,21.0
RA Tripathi,Powerplay,773,575,22,134.43478260869566,35.13636363636363
RA Tripathi,Middle Overs,1244,920,42,135.2173913043478,29.61904761904762
RA Tripathi,Death Overs,219,155,17,141.29032258064515,12.882352941176471
RD Chahar,Powerplay,0,0,0,,0.0
RD Chahar,Middle Overs,4,16,2,25.0,2.0
RD Chahar,Death Overs,125,111,14,112.61261261261262,8.928571428571429
RD Gaikwad,Powerplay,948,811,23,116.89272503082616,41.21739130434783
RD Gaikwad,Middle Overs,1175,816,24,143.9950980392157,48.958333333333336
RD Gaikwad,Death Overs,257,154,9,166.88311688311688,28.555555555555557
RE Levi,Powerplay,46,52,4,88.46153846153845,11.5
RE Levi,Middle Overs,37,22,2,168.1818181818182,18.5
RE Levi,Death Overs,0,0,0,,0.0
RE van der Merwe,Powerplay,34,32,2,106.25,17.0
RE van der Merwe,Middle Overs,72,65,4,110.76923076923077,18.0
RE van der Merwe,Death Overs,53,47,6,112.7659574468085,8.833333333333334
RG More,Powerplay,0,0,0,,0.0
RG More,Middle Overs,0,0,0,,0.0
RG More,Death Overs,2,2,0,100.0,2.0
RG Sharma,Powerplay,1813,1524,62,118.96325459317585,29.241935483870968
RG Sharma,Middle Overs,3304,2791,106,118.38050877821568,31.169811320754718
RG Sharma,Death Overs,1513,868,64,174.30875576036865,23.640625
RJ Gleeson,Powerplay,0,0,0,,0.0
RJ Gleeson,Middle Overs,0,0,0,,0.0
RJ Gleeson,Death Overs,2,2,0,100.0,2.0
RJ Harris,Powerplay,0,0,0,,0.0
RJ Harris,Middle Overs,20,25,1,80.0,20.0
RJ Harris,Death Overs,97,87,11,111.49425287356323,8.818181818181818
RJ Peterson,Powerplay,0,0,0,,0.0
RJ Peterson,Middle Overs,13,14,1,92.85714285714286,13.0
RJ Peterson,Death Overs,19,18,2,105.55555555555556,9.5
RJ Quiney,Powerplay,56,69,5,81.15942028985508,11.2
RJ Quiney,Middle Overs,46,33,1,139.3939393939394,46.0
RJ Quiney,Death Overs,1,3,1,33.33333333333333,1.0
RJW Topley,Powerplay,0,0,0,,0.0
RJW Topley,Middle Overs,0,0,0,,0.0
RJW Topley,Death Overs,3,6,0,50.0,3.0
RK Bhui,Powerplay,0,7,2,0.0,0.0
RK Bhui,Middle Overs,10,19,1,52.63157894736842,10.0
RK Bhui,Death Overs,0,1,1,0.0,0.0
RK Singh,Powerplay,18,11,0,163.63636363636365,18.0
RK Singh,Middle Overs,376,349,12,107.73638968481376,31.333333333333332
RK Singh,Death Overs,499,294,17,169.7278911564626,29.352941176470587
RM Patidar,Powerplay,94,95,2,98.94736842105263,47.0
RM Patidar,Middle Overs,633,406,18,155.91133004926107,35.166666666666664
RM Patidar,Death Overs,72,33,4,218.18181818181816,18.0
RN ten Doeschate,Powerplay,0,1,0,0.0,0.0
RN ten Doeschate,Middle Overs,114,95,5,120.0,22.8
RN ten Doeschate,Death Overs,212,142,12,149.29577464788733,17.666666666666668
RP Meredith,Powerplay,0,0,0,,0.0
RP Meredith,Middle Overs,0,0,0,,0.0
RP Meredith,Death Overs,0,3,1,0.0,0.0
RP Singh,Powerplay,0,0,0,,0.0
RP Singh,Middle Overs,2,6,1,33.33333333333333,2.0
RP Singh,Death Overs,50,72,14,69.44444444444444,3.5714285714285716
RR Bhatkal,Powerplay,0,0,0,,0.0
RR Bhatkal,Middle Overs,0,0,0,,0.0
RR Bhatkal,Death Overs,0,2,2,0.0,0.0
RR Pant,Powerplay,237,207,6,114.4927536231884,39.5
RR Pant,Middle Overs,2137,1609,51,132.81541330018644,41.90196078431372
RR Pant,Death Overs,923,480,39,192.29166666666666,23.666666666666668
RR Powar,Powerplay,0,0,0,,0.0
RR Powar,Middle Overs,0,4,0,0.0,0.0
RR Powar,Death Overs,67,60,3,111.66666666666667,22.333333333333332
RR Raje,Powerplay,0,0,0,,0.0
RR Raje,Middle Overs,0,0,0,,0.0
RR Raje,Death Overs,20,18,1,111.11111111111111,20.0
RR Rossouw,Powerplay,124,84,7,147.61904761904762,17.714285714285715
RR Rossouw,Middle Overs,267,195,11,136.92307692307693,24.272727272727273
RR Rossouw,Death Overs,82,42,3,195.23809523809524,27.333333333333332
RR Sarwan,Powerplay,36,36,0,100.0,36.0
RR Sarwan,Middle Overs,37,42,3,88.09523809523809,12.333333333333334
RR Sarwan,Death Overs,0,0,0,,0.0
RS Bopara,Powerplay,117,142,7,82.3943661971831,16.714285714285715
RS Bopara,Middle Overs,235,220,4,106.81818181818181,58.75
RS Bopara,Death Overs,179,106,8,168.86792452830187,22.375
RS Gavaskar,Powerplay,0,0,0,,0.0
RS Gavaskar,Middle Overs,2,8,1,25.0,2.0
RS Gavaskar,Death Overs,0,0,0,,0.0
RS Sodhi,Powerplay,0,0,0,,0.0
RS Sodhi,Middle Overs,0,0,0,,0.0
RS Sodhi,Death Overs,4,2,0,200.0,4.0
RT Ponting,Powerplay,42,67,5,62.68656716417911,8.4
RT Ponting,Middle Overs,49,62,3,79.03225806451613,16.333333333333332
RT Ponting,Death Overs,0,0,0,,0.0
RV Gomez,Powerplay,0,1,1,0.0,0.0
RV Gomez,Middle Overs,0,7,0,0.0,0.0
RV Gomez,Death Overs,50,45,6,111.11111111111111,8.333333333333334
RV Patel,Powerplay,0,0,0,,0.0
RV Patel,Middle Overs,28,32,2,87.5,14.0
RV Patel,Death Overs,52,44,3,118.18181818181819,17.333333333333332
RV Uthappa,Powerplay,1674,1406,55,119.06116642958749,30.436363636363637
RV Uthappa,Middle Overs,2713,2178,103,124.56382001836548,26.339805825242717
RV Uthappa,Death Overs,567,343,26,165.3061224489796,21.807692307692307
Rahmanullah Gurbaz,Powerplay,170,146,8,116.43835616438356,21.25
Rahmanullah Gurbaz,Middle Overs,119,81,4,146.9135802469136,29.75
Rahmanullah Gurbaz,Death Overs,0,1,1,0.0,0.0
Ramandeep Singh,Powerplay,0,0,0,,0.0
Ramandeep Singh,Middle Overs,75,64,4,117.1875,18.75
Ramandeep Singh,Death Overs,95,42,2,226.19047619047618,47.5
Rashid Khan,Powerplay,0,0,0,,0.0
Rashid Khan,Middle Overs,70,56,2,125.0,35.0
Rashid Khan,Death Overs,475,299,35,158.8628762541806,13.571428571428571
Rasikh Salam,Powerplay,0,0,0,,0.0
Rasikh Salam,Middle Overs,11,15,1,73.33333333333333,11.0
Rasikh Salam,Death Overs,29,25,4,115.99999999999999,7.25
Ravi Bishnoi,Powerplay,0,0,0,,0.0
Ravi Bishnoi,Middle Overs,9,18,2,50.0,4.5
Ravi Bishnoi,Death Overs,23,34,5,67.64705882352942,4.6
S Anirudha,Powerplay,13,25,3,52.0,4.333333333333333
S Anirudha,Middle Overs,47,40,0,117.5,47.0
S Anirudha,Death Overs,76,56,5,135.71428571428572,15.2
S Aravind,Powerplay,0,0,0,,0.0
S Aravind,Middle Overs,10,12,1,83.33333333333334,10.0
S Aravind,Death Overs,49,47,2,104.25531914893618,24.5
S Badree,Powerplay,0,0,0,,0.0
S Badree,Middle Overs,5,9,2,55.55555555555556,2.5
S Badree,Death Overs,8,16,3,50.0,2.6666666666666665
S Badrinath,Powerplay,121,178,3,67.97752808988764,40.333333333333336
S Badrinath,Middle Overs,898,784,24,114.54081632653062,37.416666666666664
S Badrinath,Death Overs,422,283,21,149.11660777385157,20.095238095238095
S Chanderpaul,Powerplay,25,33,3,75.75757575757575,8.333333333333334
S Chanderpaul,Middle Overs,0,0,0,,0.0
S Chanderpaul,Death Overs,0,0,0,,0.0
S Dhawan,Powerplay,2863,2459,79,116.42944286295243,36.24050632911393
S Dhawan,Middle Overs,3238,2595,96,124.77842003853566,33.729166666666664
S Dhawan,Death Overs,668,429,19,155.7109557109557,35.1578947368421
S Dube,Powerplay,14,22,0,63.63636363636363,14.0
S Dube,Middle Overs,967,738,28,131.029810298103,34.535714285714285
S Dube,Death Overs,521,317,22,164.35331230283913,23.681818181818183
S Gopal,Powerplay,0,4,0,0.0,0.0
S Gopal,Middle Overs,45,61,3,73.77049180327869,15.0
S Gopal,Death Overs,135,108,10,125.0,13.5
S Kaul,Powerplay,0,0,0,,0.0
S Kaul,Middle Overs,0,0,0,,0.0
S Kaul,Death Overs,20,36,3,55.55555555555556,6.666666666666667
S Kaushik,Powerplay,0,0,0,,0.0
S Kaushik,Middle Overs,0,0,0,,0.0
S Kaushik,Death Overs,0,1,1,0.0,0.0
S Ladda,Powerplay,0,0,0,,0.0
S Ladda,Middle Overs,0,7,1,0.0,0.0
S Ladda,Death Overs,0,3,1,0.0,0.0
S Lamichhane,Powerplay,0,0,0,,0.0
S Lamichhane,Middle Overs,0,0,0,,0.0
S Lamichhane,Death Overs,0,1,1,0.0,0.0
S Nadeem,Powerplay,0,0,0,,0.0
S Nadeem,Middle Overs,9,22,1,40.909090909090914,9.0
S Nadeem,Death Overs,30,66,15,45.45454545454545,2.0
S Narwal,Powerplay,0,0,0,,0.0
S Narwal,Middle Overs,12,10,1,120.0,12.0
S Narwal,Death Overs,25,19,3,131.57894736842107,8.333333333333334
S Rana,Powerplay,12,17,0,70.58823529411765,12.0
S Rana,Middle Overs,11,15,2,73.33333333333333,5.5
S Rana,Death Overs,68,50,3,136.0,22.666666666666668
S Randiv,Powerplay,0,0,0,,0.0
S Randiv,Middle Overs,0,0,0,,0.0
S Randiv,Death Overs,2,4,1,50.0,2.0
S Sohal,Powerplay,245,214,8,114.48598130841121,30.625
S Sohal,Middle Overs,119,88,7,135.22727272727272,17.0
S Sohal,Death Overs,4,9,3,44.44444444444444,1.3333333333333333
S Sreesanth,Powerplay,0,0,0,,0.0
S Sreesanth,Middle Overs,0,0,0,,0.0
S Sreesanth,Death Overs,34,57,3,59.64912280701754,11.333333333333334
S Sriram,Powerplay,13,12,0,108.33333333333333,13.0
S Sriram,Middle Overs,18,26,2,69.23076923076923,9.0
S Sriram,Death Overs,0,0,0,,0.0
S Tyagi,Powerplay,0,0,0,,0.0
S Tyagi,Middle Overs,0,0,0,,0.0
S Tyagi,Death Overs,3,4,0,75.0,3.0
S Vidyut,Powerplay,92,75,4,122.66666666666666,23.0
S Vidyut,Middle Overs,53,37,3,143.24324324324326,17.666666666666668
S Vidyut,Death Overs,0,3,1,0.0,0.0
SA Abbott,Powerplay,0,0,0,,0.0
SA Abbott,Middle Overs,0,3,0,0.0,0.0
SA Abbott,Death Overs,22,15,2,146.66666666666666,11.0
SA Asnodkar,Powerplay,229,183,9,125.13661202185793,25.444444444444443
SA Asnodkar,Middle Overs,194,169,10,114.79289940828403,19.4
SA Asnodkar,Death Overs,0,0,0,,0.0
SA Yadav,Powerplay,617,463,10,133.26133909287256,61.7
SA Yadav,Middle Overs,2283,1658,65,137.69601930036188,35.12307692307692
SA Yadav,Death Overs,694,401,37,173.06733167082294,18.756756756756758
SB Bangar,Powerplay,0,0,0,,0.0
SB Bangar,Middle Overs,17,35,3,48.57142857142857,5.666666666666667
SB Bangar,Death Overs,32,23,3,139.1304347826087,10.666666666666666
SB Dubey,Powerplay,0,0,0,,0.0
SB Dubey,Middle Overs,22,14,0,157.14285714285714,22.0
SB Dubey,Death Overs,11,7,2,157.14285714285714,5.5
SB Jakati,Powerplay,0,0,0,,0.0
SB Jakati,Middle Overs,0,0,0,,0.0
SB Jakati,Death Overs,28,30,2,93.33333333333333,14.0
SB Joshi,Powerplay,0,0,0,,0.0
SB Joshi,Middle Overs,6,14,1,42.857142857142854,6.0
SB Joshi,Death Overs,0,2,1,0.0,0.0
SB Styris,Powerplay,4,8,0,50.0,4.0
SB Styris,Middle Overs,87,98,4,88.77551020408163,21.75
SB Styris,Death Overs,40,28,3,142.85714285714286,13.333333333333334
SB Wagh,Powerplay,0,0,0,,0.0
SB Wagh,Middle Overs,0,0,0,,0.0
SB Wagh,Death Overs,2,3,2,66.66666666666666,1.0
SC Ganguly,Powerplay,433,454,15,95.37444933920705,28.866666666666667
SC Ganguly,Middle Overs,726,763,30,95.15072083879423,24.2
SC Ganguly,Death Overs,190,109,9,174.3119266055046,21.11111111111111
SD Chitnis,Powerplay,0,3,0,0.0,0.0
SD Chitnis,Middle Overs,56,51,1,109.80392156862746,56.0
SD Chitnis,Death Overs,43,38,6,113.1578947368421,7.166666666666667
SD Hope,Powerplay,74,51,2,145.09803921568627,37.0
SD Hope,Middle Overs,98,64,6,153.125,16.333333333333332
SD Hope,Death Overs,11,10,0,110.00000000000001,11.0
SD Lad,Powerplay,15,13,1,115.38461538461537,15.0
SD Lad,Middle Overs,0,0,0,,0.0
SD Lad,Death Overs,0,0,0,,0.0
SE Bond,Powerplay,0,0,0,,0.0
SE Bond,Middle Overs,1,2,1,50.0,1.0
SE Bond,Death Overs,0,0,0,,0.0
SE Marsh,Powerplay,626,625,15,100.16000000000001,41.733333333333334
SE Marsh,Middle Overs,1601,1115,35,143.58744394618833,45.74285714285714
SE Marsh,Death Overs,262,173,15,151.4450867052023,17.466666666666665
SE Rutherford,Powerplay,3,10,0,30.0,3.0
SE Rutherford,Middle Overs,37,55,2,67.27272727272727,18.5
SE Rutherford,Death Overs,66,42,5,157.14285714285714,13.2
SH Johnson,Powerplay,0,0,0,,0.0
SH Johnson,Middle Overs,0,0,0,,0.0
SH Johnson,Death Overs,6,7,0,85.71428571428571,6.0
SJ Srivastava,Powerplay,0,0,0,,0.0
SJ Srivastava,Middle Overs,0,0,0,,0.0
SJ Srivastava,Death Overs,5,5,1,100.0,5.0
SK Raina,Powerplay,1120,909,33,123.21232123212323,33.93939393939394
SK Raina,Middle Overs,3517,2724,109,129.11160058737153,32.26605504587156
SK Raina,Death Overs,899,544,26,165.25735294117646,34.57692307692308
SK Trivedi,Powerplay,0,0,0,,0.0
SK Trivedi,Middle Overs,0,1,0,0.0,0.0
SK Trivedi,Death Overs,42,60,8,70.0,5.25
SK Warne,Powerplay,0,0,0,,0.0
SK Warne,Middle Overs,61,85,6,71.76470588235294,10.166666666666666
SK Warne,Death Overs,137,134,13,102.23880597014924,10.538461538461538
SL Malinga,Powerplay,0,0,0,,0.0
SL Malinga,Middle Overs,2,4,0,50.0,2.0
SL Malinga,Death Overs,86,99,12,86.86868686868688,7.166666666666667
SM Curran,Powerplay,92,81,4,113.58024691358024,23.0
SM Curran,Middle Overs,367,342,14,107.30994152046785,26.214285714285715
SM Curran,Death Overs,424,250,18,169.6,23.555555555555557
SM Harwood,Powerplay,0,0,0,,0.0
SM Harwood,Middle Overs,0,0,0,,0.0
SM Harwood,Death Overs,9,14,0,64.28571428571429,9.0
SM Katich,Powerplay,141,102,6,138.23529411764704,23.5
SM Katich,Middle Overs,80,73,4,109.58904109589041,20.0
SM Katich,Death Overs,20,16,0,125.0,20.0
SM Pollock,Powerplay,0,0,0,,0.0
SM Pollock,Middle Overs,67,72,2,93.05555555555556,33.5
SM Pollock,Death Overs,80,44,6,181.8181818181818,13.333333333333334
SMSM Senanayake,Powerplay,0,0,0,,0.0
SMSM Senanayake,Middle Overs,0,0,0,,0.0
SMSM Senanayake,Death Overs,10,17,1,58.82352941176471,10.0
SN Khan,Powerplay,52,42,2,123.80952380952381,26.0
SN Khan,Middle Overs,253,237,13,106.75105485232068,19.46153846153846
SN Khan,Death Overs,280,177,14,158.19209039548022,20.0
SN Thakur,Powerplay,0,4,1,0.0,0.0
SN Thakur,Middle Overs,105,78,4,134.6153846153846,26.25
SN Thakur,Death Overs,202,146,18,138.35616438356163,11.222222222222221
SO Hetmyer,Powerplay,48,51,2,94.11764705882352,24.0
SO Hetmyer,Middle Overs,404,336,13,120.23809523809523,31.076923076923077
SO Hetmyer,Death Overs,791,467,25,169.37901498929335,31.64
SP Fleming,Powerplay,104,98,5,106.12244897959184,20.8
SP Fleming,Middle Overs,92,73,4,126.02739726027397,23.0
SP Fleming,Death Overs,0,0,0,,0.0
SP Goswami,Powerplay,142,150,7,94.66666666666667,20.285714285714285
SP Goswami,Middle Overs,125,134,9,93.28358208955224,13.88888888888889
SP Goswami,Death Overs,26,23,4,113.04347826086956,6.5
SP Jackson,Powerplay,10,9,1,111.11111111111111,10.0
SP Jackson,Middle Overs,17,18,2,94.44444444444444,8.5
SP Jackson,Death Overs,34,30,3,113.33333333333333,11.333333333333334
SP Narine,Powerplay,852,524,37,162.59541984732823,23.027027027027028
SP Narine,Middle Overs,526,329,29,159.87841945288756,18.137931034482758
SP Narine,Death Overs,156,131,18,119.08396946564885,8.666666666666666
SPD Smith,Powerplay,393,336,12,116.96428571428572,32.75
SPD Smith,Middle Overs,1396,1221,39,114.33251433251432,35.794871794871796
SPD Smith,Death Overs,706,442,27,159.72850678733033,26.14814814814815
SR Tendulkar,Powerplay,920,877,20,104.90307867730901,46.0
SR Tendulkar,Middle Overs,1190,1024,42,116.2109375,28.333333333333332
SR Tendulkar,Death Overs,224,143,9,156.64335664335664,24.88888888888889
SR Watson,Powerplay,1135,1091,34,104.03299725022914,33.38235294117647
SR Watson,Middle Overs,2292,1550,69,147.8709677419355,33.21739130434783
SR Watson,Death Overs,453,251,23,180.4780876494024,19.695652173913043
SS Cottrell,Powerplay,0,0,0,,0.0
SS Cottrell,Middle Overs,0,0,0,,0.0
SS Cottrell,Death Overs,0,2,1,0.0,0.0
SS Iyer,Powerplay,687,655,22,104.8854961832061,31.227272727272727
SS Iyer,Middle Overs,1955,1585,56,123.34384858044164,34.910714285714285
SS Iyer,Death Overs,489,305,24,160.32786885245903,20.375
SS Prabhudessai,Powerplay,1,5,0,20.0,1.0
SS Prabhudessai,Middle Overs,101,85,6,118.82352941176471,16.833333333333332
SS Prabhudessai,Death Overs,24,23,3,104.34782608695652,8.0
SS Shaikh,Powerplay,0,0,0,,0.0
SS Shaikh,Middle Overs,6,7,0,85.71428571428571,6.0
SS Shaikh,Death Overs,0,0,0,,0.0
SS Tiwary,Powerplay,107,120,1,89.16666666666667,107.0
SS Tiwary,Middle Overs,933,844,30,110.54502369668246,31.1
SS Tiwary,Death Overs,454,327,19,138.83792048929664,23.894736842105264
ST Jayasuriya,Powerplay,407,342,16,119.00584795321637,25.4375
ST Jayasuriya,Middle Overs,361,231,13,156.2770562770563,27.76923076923077
ST Jayasuriya,Death Overs,0,0,0,,0.0
STR Binny,Powerplay,5,8,0,62.5,5.0
STR Binny,Middle Overs,478,426,24,112.20657276995306,19.916666666666668
STR Binny,Death Overs,397,266,20,149.24812030075188,19.85
SV Samson,Powerplay,959,800,30,119.875,31.966666666666665
SV Samson,Middle Overs,2680,2040,82,131.37254901960785,32.68292682926829
SV Samson,Death Overs,780,430,30,181.3953488372093,26.0
SW Billings,Powerplay,93,75,4,124.0,23.25
SW Billings,Middle Overs,292,253,13,115.41501976284584,22.46153846153846
SW Billings,Death Overs,118,71,9,166.19718309859155,13.11111111111111
SW Tait,Powerplay,0,0,0,,0.0
SW Tait,Middle Overs,10,9,1,111.11111111111111,10.0
SW Tait,Death Overs,13,17,2,76.47058823529412,6.5
SZ Mulani,Powerplay,0,0,0,,0.0
SZ Mulani,Middle Overs,0,0,0,,0.0
SZ Mulani,Death Overs,1,1,0,100.0,1.0
Sachin Baby,Powerplay,0,1,0,0.0,0.0
Sachin Baby,Middle Overs,49,57,4,85.96491228070175,12.25
Sachin Baby,Death Overs,95,65,6,146.15384615384613,15.833333333333334
Salman Butt,Powerplay,91,92,3,98.91304347826086,30.333333333333332
Salman Butt,Middle Overs,86,74,3,116.21621621621621,28.666666666666668
Salman Butt,Death Overs,16,6,1,266.66666666666663,16.0
Sameer Rizvi,Powerplay,0,0,0,,0.0
Sameer Rizvi,Middle Overs,18,27,2,66.66666666666666,9.0
Sameer Rizvi,Death Overs,33,16,2,206.25,16.5
Sandeep Sharma,Powerplay,0,0,0,,0.0
Sandeep Sharma,Middle Overs,12,15,1,80.0,12.0
Sandeep Sharma,Death Overs,42,58,4,72.41379310344827,10.5
Sanvir Singh,Powerplay,6,4,0,150.0,6.0
Sanvir Singh,Middle Overs,1,3,2,33.33333333333333,0.5
Sanvir Singh,Death Overs,18,15,0,120.0,18.0
Saurav Chauhan,Powerplay,0,0,0,,0.0
Saurav Chauhan,Middle Overs,1,2,1,50.0,1.0
Saurav Chauhan,Death Overs,17,14,2,121.42857142857142,8.5
Shahbaz Ahmed,Powerplay,17,22,3,77.27272727272727,5.666666666666667
Shahbaz Ahmed,Middle Overs,262,256,7,102.34375,37.42857142857143
Shahbaz Ahmed,Death Overs,257,189,19,135.97883597883597,13.526315789473685
Shahid Afridi,Powerplay,35,14,2,250.0,17.5
Shahid Afridi,Middle Overs,24,22,4,109.09090909090908,6.0
Shahid Afridi,Death Overs,22,10,2,220.00000000000003,11.0
Shakib Al Hasan,Powerplay,10,15,1,66.66666666666666,10.0
Shakib Al Hasan,Middle Overs,456,398,16,114.57286432160805,28.5
Shakib Al Hasan,Death Overs,329,252,23,130.55555555555557,14.304347826086957
Shashank Singh,Powerplay,24,23,1,104.34782608695652,24.0
Shashank Singh,Middle Overs,217,153,4,141.83006535947712,54.25
Shashank Singh,Death Overs,182,96,6,189.58333333333331,30.333333333333332
Shivam Mavi,Powerplay,0,0,0,,0.0
Shivam Mavi,Middle Overs,3,6,0,50.0,3.0
Shivam Mavi,Death Overs,48,52,9,92.3076923076923,5.333333333333333
Shivam Sharma,Powerplay,0,0,0,,0.0
Shivam Sharma,Middle Overs,0,0,0,,0.0
Shivam Sharma,Death Overs,5,3,1,166.66666666666669,5.0
Shivam Singh,Powerplay,0,0,0,,0.0
Shivam Singh,Middle Overs,0,0,0,,0.0
Shivam Singh,Death Overs,2,3,0,66.66666666666666,2.0
Shoaib Ahmed,Powerplay,0,0,0,,0.0
Shoaib Ahmed,Middle Overs,1,2,0,50.0,1.0
Shoaib Ahmed,Death Overs,0,4,2,0.0,0.0
Shoaib Akhtar,Powerplay,0,0,0,,0.0
Shoaib Akhtar,Middle Overs,2,6,0,33.33333333333333,2.0
Shoaib Akhtar,Death Overs,0,2,1,0.0,0.0
Shoaib Malik,Powerplay,12,9,0,133.33333333333331,12.0
Shoaib Malik,Middle Overs,32,33,2,96.96969696969697,16.0
Shoaib Malik,Death Overs,8,7,2,114.28571428571428,4.0
Shubman Gill,Powerplay,1118,960,31,116.45833333333333,36.064516129032256
Shubman Gill,Middle Overs,1727,1211,37,142.6094137076796,46.67567567567568
Shubman Gill,Death Overs,371,261,18,142.1455938697318,20.61111111111111
Sikandar Raza,Powerplay,1,5,0,20.0,1.0
Sikandar Raza,Middle Overs,134,100,4,134.0,33.5
Sikandar Raza,Death Overs,47,38,3,123.6842105263158,15.666666666666666
Simarjeet Singh,Powerplay,0,0,0,,0.0
Simarjeet Singh,Middle Overs,2,3,1,66.66666666666666,2.0
Simarjeet Singh,Death Overs,5,5,0,100.0,5.0
Sohail Tanvir,Powerplay,13,6,0,216.66666666666666,13.0
Sohail Tanvir,Middle Overs,11,12,2,91.66666666666666,5.5
Sohail Tanvir,Death Overs,12,13,1,92.3076923076923,12.0
Sumit Kumar,Powerplay,0,0,0,,0.0
Sumit Kumar,Middle Overs,16,15,0,106.66666666666667,16.0
Sumit Kumar,Death Overs,2,11,2,18.181818181818183,1.0
Sunny Gupta,Powerplay,0,0,0,,0.0
Sunny Gupta,Middle Overs,0,0,0,,0.0
Sunny Gupta,Death Overs,0,1,1,0.0,0.0
Sunny Singh,Powerplay,8,4,0,200.0,8.0
Sunny Singh,Middle Overs,28,18,3,155.55555555555557,9.333333333333334
Sunny Singh,Death Overs,7,9,1,77.77777777777779,7.0
Swapnil Singh,Powerplay,0,0,0,,0.0
Swapnil Singh,Middle Overs,25,26,1,96.15384615384616,25.0
Swapnil Singh,Death Overs,26,20,4,130.0,6.5
T Banton,Powerplay,18,22,2,81.81818181818183,9.0
T Banton,Middle Overs,0,0,0,,0.0
T Banton,Death Overs,0,0,0,,0.0
T Henderson,Powerplay,2,8,0,25.0,2.0
T Henderson,Middle Overs,9,8,1,112.5,9.0
T Henderson,Death Overs,0,0,0,,0.0
T Kohler-Cadmore,Powerplay,43,44,1,97.72727272727273,43.0
T Kohler-Cadmore,Middle Overs,5,10,2,50.0,2.5
T Kohler-Cadmore,Death Overs,0,0,0,,0.0
T Kohli,Powerplay,7,13,1,53.84615384615385,7.0
T Kohli,Middle Overs,0,0,0,,0.0
T Kohli,Death Overs,4,7,2,57.14285714285714,2.0
T Natarajan,Powerplay,0,0,0,,0.0
T Natarajan,Middle Overs,0,0,0,,0.0
T Natarajan,Death Overs,3,5,0,60.0,3.0
T Shamsi,Powerplay,0,0,0,,0.0
T Shamsi,Middle Overs,0,0,0,,0.0
T Shamsi,Death Overs,2,4,0,50.0,2.0
T Stubbs,Powerplay,1,4,1,25.0,1.0
T Stubbs,Middle Overs,134,120,4,111.66666666666667,33.5
T Stubbs,Death Overs,270,115,4,234.7826086956522,67.5
T Taibu,Powerplay,0,0,0,,0.0
T Taibu,Middle Overs,19,18,1,105.55555555555556,19.0
T Taibu,Death Overs,12,8,2,150.0,6.0
T Thushara,Powerplay,0,0,0,,0.0
T Thushara,Middle Overs,0,0,0,,0.0
T Thushara,Death Overs,12,19,2,63.1578947368421,6.0
TA Boult,Powerplay,0,0,0,,0.0
TA Boult,Middle Overs,7,8,1,87.5,7.0
TA Boult,Death Overs,76,74,6,102.7027027027027,12.666666666666666
TD Paine,Powerplay,10,28,1,35.714285714285715,10.0
TD Paine,Middle Overs,0,1,1,0.0,0.0
TD Paine,Death Overs,0,0,0,,0.0
TG Southee,Powerplay,0,0,0,,0.0
TG Southee,Middle Overs,14,27,4,51.85185185185185,3.5
TG Southee,Death Overs,106,81,7,130.8641975308642,15.142857142857142
TH David,Powerplay,0,0,0,,0.0
TH David,Middle Overs,119,109,3,109.1743119266055,39.666666666666664
TH David,Death Overs,540,308,20,175.32467532467533,27.0
TK Curran,Powerplay,0,0,0,,0.0
TK Curran,Middle Overs,58,58,1,100.0,58.0
TK Curran,Death Overs,69,50,4,138.0,17.25
TL Seifert,Powerplay,24,21,2,114.28571428571428,12.0
TL Seifert,Middle Overs,0,0,0,,0.0
TL Seifert,Death Overs,2,5,1,40.0,2.0
TL Suman,Powerplay,154,149,11,103.35570469798658,14.0
TL Suman,Middle Overs,378,328,14,115.24390243902438,27.0
TL Suman,Death Overs,144,110,5,130.9090909090909,28.8
TM Dilshan,Powerplay,379,366,17,103.55191256830601,22.294117647058822
TM Dilshan,Middle Overs,575,557,19,103.23159784560143,30.263157894736842
TM Dilshan,Death Overs,199,124,5,160.48387096774192,39.8
TM Head,Powerplay,325,176,8,184.6590909090909,40.625
TM Head,Middle Overs,347,223,10,155.60538116591928,34.7
TM Head,Death Overs,100,59,2,169.4915254237288,50.0
TM Srivastava,Powerplay,0,0,0,,0.0
TM Srivastava,Middle Overs,2,4,0,50.0,2.0
TM Srivastava,Death Overs,6,7,1,85.71428571428571,6.0
TR Birt,Powerplay,0,0,0,,0.0
TR Birt,Middle Overs,15,22,2,68.18181818181817,7.5
TR Birt,Death Overs,60,37,3,162.16216216216216,20.0
TS Mills,Powerplay,0,0,0,,0.0
TS Mills,Middle Overs,2,5,1,40.0,2.0
TS Mills,Death Overs,6,9,3,66.66666666666666,2.0
TU Deshpande,Powerplay,0,0,0,,0.0
TU Deshpande,Middle Overs,0,0,0,,0.0
TU Deshpande,Death Overs,21,15,1,140.0,21.0
Tanush Kotian,Powerplay,13,18,0,72.22222222222221,13.0
Tanush Kotian,Middle Overs,11,14,1,78.57142857142857,11.0
Tanush Kotian,Death Overs,0,0,0,,0.0
Tilak Varma,Powerplay,80,64,1,125.0,80.0
Tilak Varma,Middle Overs,779,585,15,133.16239316239316,51.93333333333333
Tilak Varma,Death Overs,297,181,12,164.08839779005524,24.75
U Kaul,Powerplay,0,0,0,,0.0
U Kaul,Middle Overs,0,0,0,,0.0
U Kaul,Death Overs,0,1,0,0.0,0.0
UA Birla,Powerplay,2,4,0,50.0,2.0
UA Birla,Middle Overs,5,11,1,45.45454545454545,5.0
UA Birla,Death Overs,0,0,0,,0.0
UBT Chand,Powerplay,102,117,8,87.17948717948718,12.75
UBT Chand,Middle Overs,168,178,9,94.3820224719101,18.666666666666668
UBT Chand,Death Overs,30,19,3,157.89473684210526,10.0
UT Khawaja,Powerplay,103,75,3,137.33333333333334,34.333333333333336
UT Khawaja,Middle Overs,24,30,2,80.0,12.0
UT Khawaja,Death Overs,0,0,0,,0.0
UT Yadav,Powerplay,0,0,0,,0.0
UT Yadav,Middle Overs,3,13,1,23.076923076923077,3.0
UT Yadav,Death Overs,205,198,20,103.53535353535352,10.25
Umar Gul,Powerplay,0,0,0,,0.0
Umar Gul,Middle Overs,0,0,0,,0.0
Umar Gul,Death Overs,39,19,3,205.26315789473685,13.0
Umran Malik,Powerplay,0,0,0,,0.0
Umran Malik,Middle Overs,0,0,0,,0.0
Umran Malik,Death Overs,23,16,1,143.75,23.0
V Kohli,Powerplay,2360,1960,60,120.40816326530613,39.333333333333336
V Kohli,Middle Overs,4185,3452,97,121.23406720741599,43.144329896907216
V Kohli,Death Overs,1469,824,61,178.2766990291262,24.081967213114755
V Pratap Singh,Powerplay,0,0,0,,0.0
V Pratap Singh,Middle Overs,0,0,0,,0.0
V Pratap Singh,Death Overs,0,1,1,0.0,0.0
V Sehwag,Powerplay,1407,1027,54,137.00097370983445,26.055555555555557
V Sehwag,Middle Overs,1248,771,40,161.86770428015564,31.2
V Sehwag,Death Overs,73,35,4,208.57142857142858,18.25
V Shankar,Powerplay,68,83,4,81.92771084337349,17.0
V Shankar,Middle Overs,557,501,19,111.17764471057885,29.31578947368421
V Shankar,Death Overs,490,306,20,160.13071895424838,24.5
V Viyaskanth,Powerplay,0,0,0,,0.0
V Viyaskanth,Middle Overs,0,0,0,,0.0
V Viyaskanth,Death Overs,7,5,0,140.0,7.0
VG Arora,Powerplay,0,0,0,,0.0
VG Arora,Middle Overs,0,0,0,,0.0
VG Arora,Death Overs,9,17,2,52.94117647058824,4.5
VH Zol,Powerplay,20,16,0,125.0,20.0
VH Zol,Middle Overs,9,10,2,90.0,4.5
VH Zol,Death Overs,0,0,0,,0.0
VR Aaron,Powerplay,0,0,0,,0.0
VR Aaron,Middle Overs,0,1,0,0.0,0.0
VR Aaron,Death Overs,50,72,4,69.44444444444444,12.5
VR Iyer,Powerplay,482,388,15,124.22680412371135,32.13333333333333
VR Iyer,Middle Overs,753,541,17,139.18669131238448,44.294117647058826
VR Iyer,Death Overs,91,71,11,128.16901408450704,8.272727272727273
VRV Singh,Powerplay,0,0,0,,0.0
VRV Singh,Middle Overs,0,0,0,,0.0
VRV Singh,Death Overs,4,3,1,133.33333333333331,4.0
VS Malik,Powerplay,0,0,0,,0.0
VS Malik,Middle Overs,0,0,0,,0.0
VS Malik,Death Overs,7,7,1,100.0,7.0
VS Yeligati,Powerplay,0,0,0,,0.0
VS Yeligati,Middle Overs,0,0,0,,0.0
VS Yeligati,Death Overs,2,2,1,100.0,2.0
VVS Laxman,Powerplay,165,172,7,95.93023255813954,23.571428571428573
VVS Laxman,Middle Overs,114,93,8,122.58064516129032,14.25
VVS Laxman,Death Overs,3,6,1,50.0,3.0
VY Mahesh,Powerplay,0,0,0,,0.0
VY Mahesh,Middle Overs,3,8,0,37.5,3.0
VY Mahesh,Death Overs,12,20,2,60.0,6.0
Vijaykumar Vyshak,Powerplay,0,0,0,,0.0
Vijaykumar Vyshak,Middle Overs,0,0,0,,0.0
Vijaykumar Vyshak,Death Overs,14,13,2,107.6923076923077,7.0
Virat Singh,Powerplay,0,0,0,,0.0
Virat Singh,Middle Overs,15,26,3,57.692307692307686,5.0
Virat Singh,Death Overs,0,0,0,,0.0
Vishnu Vinod,Powerplay,10,21,2,47.61904761904761,5.0
Vishnu Vinod,Middle Overs,34,26,1,130.76923076923077,34.0
Vishnu Vinod,Death Overs,12,11,3,109.09090909090908,4.0
Vivrant Sharma,Powerplay,18,19,0,94.73684210526315,18.0
Vivrant Sharma,Middle Overs,51,30,1,170.0,51.0
Vivrant Sharma,Death Overs,0,0,0,,0.0
W Jaffer,Powerplay,65,85,4,76.47058823529412,16.25
W Jaffer,Middle Overs,65,44,3,147.72727272727272,21.666666666666668
W Jaffer,Death Overs,0,0,0,,0.0
WA Mota,Powerplay,0,0,0,,0.0
WA Mota,Middle Overs,33,48,1,68.75,33.0
WA Mota,Death Overs,23,28,4,82.14285714285714,5.75
WD Parnell,Powerplay,11,15,1,73.33333333333333,11.0
WD Parnell,Middle Overs,5,8,0,62.5,5.0
WD Parnell,Death Overs,49,63,9,77.77777777777779,5.444444444444445
WG Jacks,Powerplay,45,36,2,125.0,22.5
WG Jacks,Middle Overs,157,92,4,170.65217391304347,39.25
WG Jacks,Death Overs,28,5,0,560.0,28.0
WP Saha,Powerplay,1252,971,48,128.9392378990731,26.083333333333332
WP Saha,Middle Overs,1125,1035,46,108.69565217391303,24.456521739130434
WP Saha,Death Overs,557,362,27,153.86740331491714,20.62962962962963
WPUJC Vaas,Powerplay,0,0,0,,0.0
WPUJC Vaas,Middle Overs,22,20,0,110.00000000000001,22.0
WPUJC Vaas,Death Overs,59,53,7,111.32075471698113,8.428571428571429
Washington Sundar,Powerplay,16,25,1,64.0,16.0
Washington Sundar,Middle Overs,109,128,5,85.15625,21.8
Washington Sundar,Death Overs,253,188,21,134.5744680851064,12.047619047619047
X Thalaivan Sargunam,Powerplay,0,0,0,,0.0
X Thalaivan Sargunam,Middle Overs,8,14,0,57.14285714285714,8.0
X Thalaivan Sargunam,Death Overs,2,3,1,66.66666666666666,2.0
Y Gnaneswara Rao,Powerplay,4,7,0,57.14285714285714,4.0
Y Gnaneswara Rao,Middle Overs,15,11,1,136.36363636363635,15.0
Y Gnaneswara Rao,Death Overs,0,0,0,,0.0
Y Nagar,Powerplay,0,0,0,,0.0
Y Nagar,Middle Overs,106,136,3,77.94117647058823,35.333333333333336
Y Nagar,Death Overs,179,135,12,132.5925925925926,14.916666666666666
Y Prithvi Raj,Powerplay,0,0,0,,0.0
Y Prithvi Raj,Middle Overs,0,0,0,,0.0
Y Prithvi Raj,Death Overs,0,1,0,0.0,0.0
Y Venugopal Rao,Powerplay,57,72,1,79.16666666666666,57.0
Y Venugopal Rao,Middle Overs,541,533,18,101.50093808630393,30.055555555555557
Y Venugopal Rao,Death Overs,387,260,23,148.84615384615384,16.82608695652174
YA Abdulla,Powerplay,0,0,0,,0.0
YA Abdulla,Middle Overs,0,0,0,,0.0
YA Abdulla,Death Overs,0,1,0,0.0,0.0
YBK Jaiswal,Powerplay,899,606,24,148.34983498349834,37.458333333333336
YBK Jaiswal,Middle Overs,644,457,24,140.91903719912472,26.833333333333332
YBK Jaiswal,Death Overs,64,32,1,200.0,64.0
YK Pathan,Powerplay,271,194,9,139.69072164948452,30.11111111111111
YK Pathan,Middle Overs,1825,1408,57,129.61647727272728,32.01754385964912
YK Pathan,Death Overs,1126,732,45,153.82513661202185,25.022222222222222
YS Chahal,Powerplay,0,0,0,,0.0
YS Chahal,Middle Overs,4,23,2,17.391304347826086,2.0
YS Chahal,Death Overs,33,66,4,50.0,8.25
YV Dhull,Powerplay,1,5,1,20.0,1.0
YV Dhull,Middle Overs,15,18,2,83.33333333333334,7.5
YV Dhull,Death Overs,0,0,0,,0.0
YV Takawale,Powerplay,101,123,3,82.11382113821138,33.666666666666664
YV Takawale,Middle Overs,62,47,5,131.91489361702128,12.4
YV Takawale,Death Overs,29,13,0,223.0769230769231,29.0
Yash Dayal,Powerplay,0,0,0,,0.0
Yash Dayal,Middle Overs,0,0,0,,0.0
Yash Dayal,Death Overs,0,1,1,0.0,0.0
Yashpal Singh,Powerplay,8,33,1,24.242424242424242,8.0
Yashpal Singh,Middle Overs,22,21,2,104.76190476190477,11.0
Yashpal Singh,Death Overs,17,13,1,130.76923076923077,17.0
Younis Khan,Powerplay,3,7,1,42.857142857142854,3.0
Younis Khan,Middle Overs,0,0,0,,0.0
Younis Khan,Death Overs,0,0,0,,0.0
Yudhvir Singh,Powerplay,0,0,0,,0.0
Yudhvir Singh,Middle Overs,2,4,0,50.0,2.0
Yudhvir Singh,Death Overs,20,12,4,166.66666666666669,5.0
Yuvraj Singh,Powerplay,129,138,9,93.47826086956522,14.333333333333334
Yuvraj Singh,Middle Overs,1719,1534,58,112.0599739243807,29.637931034482758
Yuvraj Singh,Death Overs,906,535,42,169.34579439252337,21.571428571428573
Z Khan,Powerplay,0,3,1,0.0,0.0
Z Khan,Middle Overs,9,29,2,31.03448275862069,4.5
Z Khan,Death Overs,108,109,12,99.08256880733946,9.0
