bowler,bowled,caught,caught and bowled,hit wicket,lbw,obstructing the field,retired hurt,retired out,run out,stumped
A Ashish Reddy,6.0,8.0,1.0,0.0,3.0,0.0,0.0,0.0,1.0,0.0
A Badoni,0.0,1.0,1.0,0.0,0.0,0.0,0.0,0.0,0.0,0.0
A Chandila,0.0,4.0,5.0,0.0,0.0,0.0,0.0,0.0,0.0,2.0
A Choudhary,0.0,5.0,0.0,0.0,0.0,0.0,0.0,0.0,0.0,0.0
A Flintoff,0.0,1.0,1.0,0.0,0.0,0.0,0.0,0.0,0.0,0.0
A Kamboj,2.0,0.0,0.0,0.0,0.0,0.0,0.0,0.0,0.0,0.0
A Kumble,8.0,24.0,1.0,0.0,4.0,0.0,0.0,0.0,4.0,8.0
A Mishra,26.0,102.0,4.0,0.0,14.0,0.0,0.0,0.0,9.0,28.0
A Mithun,2.0,5.0,0.0,0.0,0.0,0.0,0.0,0.0,1.0,0.0
A Nehra,23.0,76.0,2.0,0.0,5.0,0.0,0.0,0.0,15.0,0.0
A Nel,0.0,1.0,0.0,0.0,0.0,0.0,0.0,0.0,0.0,0.0
A Nortje,16.0,41.0,1.0,0.0,2.0,0.0,0.0,0.0,2.0,0.0
A Singh,6.0,21.0,0.0,0.0,1.0,0.0,0.0,0.0,3.0,0.0
A Symonds,2.0,13.0,1.0,0.0,2.0,0.0,0.0,0.0,3.0,2.0
A Uniyal,0.0,1.0,0.0,0.0,1.0,0.0,0.0,0.0,1.0,0.0
A Zampa,2.0,22.0,0.0,0.0,3.0,0.0,0.0,0.0,1.0,2.0
AA Chavan,1.0,5.0,0.0,0.0,2.0,0.0,0.0,0.0,0.0,0.0
AA Jhunjhunwala,1.0,0.0,0.0,0.0,0.0,0.0,0.0,0.0,0.0,0.0
AA Kazi,0.0,0.0,0.0,0.0,0.0,0.0,0.0,0.0,1.0,0.0
AA Noffke,0.0,1.0,0.0,0.0,0.0,0.0,0.0,0.0,0.0,0.0
AB Agarkar,5.0,23.0,1.0,0.0,0.0,0.0,0.0,0.0,4.0,0.0
AB Dinda,14.0,52.0,0.0,0.0,3.0,0.0,0.0,0.0,13.0,0.0
AB McDonald,6.0,5.0,0.0,0.0,0.0,0.0,0.0,0.0,3.0,0.0
AC Gilchrist,0.0,1.0,0.0,0.0,0.0,0.0,0.0,0.0,0.0,0.0
AC Thomas,1.0,13.0,0.0,0.0,0.0,0.0,0.0,0.0,2.0,0.0
AC Voges,0.0,0.0,0.0,0.0,0.0,0.0,0.0,0.0,1.0,0.0
AD Mascarenhas,3.0,14.0,1.0,0.0,1.0,0.0,0.0,0.0,0.0,0.0
AD Mathews,6.0,20.0,0.0,0.0,1.0,0.0,0.0,0.0,1.0,0.0
AD Russell,11.0,95.0,4.0,2.0,3.0,0.0,0.0,0.0,10.0,0.0
AF Milne,1.0,6.0,0.0,0.0,0.0,0.0,1.0,0.0,1.0,0.0
AG Murtaza,1.0,6.0,0.0,0.0,2.0,0.0,0.0,0.0,3.0,0.0
AJ Finch,0.0,1.0,0.0,0.0,0.0,0.0,0.0,0.0,0.0,0.0
AJ Hosein,0.0,1.0,0.0,0.0,0.0,0.0,0.0,0.0,0.0,0.0
AJ Tye,5.0,35.0,1.0,0.0,1.0,0.0,0.0,0.0,6.0,0.0
AK Markram,0.0,1.0,1.0,0.0,0.0,0.0,0.0,0.0,0.0,0.0
AL Menaria,0.0,1.0,1.0,0.0,0.0,0.0,0.0,0.0,0.0,1.0
AM Nayar,1.0,8.0,0.0,0.0,0.0,0.0,0.0,0.0,0.0,0.0
AM Rahane,1.0,0.0,0.0,0.0,0.0,0.0,0.0,0.0,0.0,0.0
AM Salvi,0.0,6.0,0.0,0.0,1.0,0.0,0.0,0.0,0.0,0.0
AN Ahmed,3.0,8.0,0.0,0.0,1.0,0.0,0.0,0.0,3.0,0.0
AP Dole,2.0,3.0,0.0,0.0,0.0,0.0,0.0,0.0,0.0,0.0
AR Patel,34.0,64.0,6.0,1.0,7.0,0.0,0.0,0.0,8.0,11.0
AS Joseph,6.0,14.0,1.0,0.0,0.0,0.0,0.0,0.0,1.0,0.0
AS Rajpoot,3.0,18.0,1.0,0.0,2.0,0.0,0.0,0.0,0.0,0.0
AS Roy,0.0,3.0,1.0,0.0,1.0,0.0,0.0,0.0,1.0,0.0
AU Rashid,0.0,0.0,0.0,0.0,2.0,0.0,0.0,0.0,0.0,0.0
Abdul Samad,0.0,2.0,0.0,0.0,0.0,0.0,0.0,0.0,0.0,0.0
Abhishek Sharma,1.0,6.0,0.0,0.0,2.0,0.0,0.0,0.0,0.0,2.0
Akash Deep,1.0,5.0,1.0,0.0,0.0,0.0,0.0,0.0,1.0,0.0
Akash Madhwal,6.0,9.0,0.0,0.0,4.0,0.0,0.0,1.0,2.0,0.0
Akash Singh,2.0,3.0,0.0,0.0,0.0,0.0,0.0,0.0,0.0,0.0
Anand Rajan,1.0,6.0,0.0,0.0,1.0,0.0,0.0,0.0,2.0,0.0
Ankit Sharma,2.0,8.0,0.0,0.0,2.0,0.0,0.0,0.0,0.0,0.0
Ankit Soni,0.0,1.0,0.0,0.0,1.0,0.0,0.0,0.0,2.0,0.0
Anureet Singh,6.0,12.0,0.0,0.0,0.0,0.0,0.0,0.0,3.0,0.0
Arjun Tendulkar,0.0,2.0,0.0,0.0,1.0,0.0,0.0,0.0,1.0,0.0
Arshad Khan,0.0,5.0,1.0,0.0,0.0,0.0,0.0,0.0,0.0,0.0
Arshdeep Singh,13.0,58.0,4.0,0.0,1.0,0.0,0.0,0.0,8.0,0.0
Avesh Khan,14.0,54.0,2.0,0.0,4.0,1.0,0.0,1.0,5.0,0.0
Azhar Mahmood,3.0,21.0,1.0,0.0,4.0,0.0,0.0,0.0,2.0,0.0
Azmatullah Omarzai,0.0,3.0,0.0,0.0,1.0,0.0,0.0,0.0,0.0,0.0
B Akhil,1.0,4.0,0.0,0.0,0.0,0.0,0.0,0.0,1.0,1.0
B Geeves,0.0,1.0,0.0,0.0,0.0,0.0,0.0,0.0,1.0,0.0
B Kumar,39.0,122.0,6.0,0.0,12.0,0.0,0.0,0.0,14.0,2.0
B Laughlin,1.0,9.0,0.0,0.0,0.0,0.0,0.0,0.0,0.0,0.0
B Lee,6.0,17.0,2.0,0.0,0.0,0.0,0.0,0.0,5.0,0.0
B Stanlake,1.0,6.0,0.0,0.0,0.0,0.0,0.0,0.0,0.0,0.0
BA Bhatt,1.0,8.0,1.0,0.0,2.0,0.0,0.0,0.0,1.0,0.0
BA Stokes,7.0,21.0,0.0,0.0,0.0,0.0,0.0,0.0,3.0,0.0
BAW Mendis,0.0,6.0,1.0,0.0,1.0,0.0,0.0,0.0,1.0,0.0
BB Sran,2.0,16.0,0.0,0.0,0.0,0.0,1.0,0.0,1.0,0.0
BCJ Cutting,3.0,7.0,0.0,0.0,0.0,0.0,0.0,0.0,2.0,0.0
BE Hendricks,1.0,8.0,0.0,0.0,0.0,0.0,0.0,0.0,2.0,0.0
BJ Hodge,4.0,13.0,0.0,0.0,0.0,0.0,0.0,0.0,1.0,0.0
BMAJ Mendis,0.0,0.0,0.0,0.0,0.0,0.0,0.0,0.0,0.0,1.0
BW Hilfenhaus,5.0,16.0,0.0,0.0,1.0,0.0,0.0,0.0,1.0,0.0
Basil Thampi,4.0,13.0,1.0,0.0,4.0,0.0,0.0,0.0,4.0,0.0
Bipul Sharma,2.0,13.0,0.0,0.0,1.0,0.0,0.0,0.0,5.0,1.0
C Green,1.0,15.0,0.0,0.0,0.0,0.0,1.0,0.0,3.0,0.0
C Nanda,0.0,2.0,0.0,0.0,0.0,0.0,0.0,0.0,0.0,0.0
C Sakariya,2.0,18.0,0.0,0.0,0.0,0.0,0.0,0.0,0.0,0.0
C de Grandhomme,0.0,5.0,0.0,0.0,1.0,0.0,0.0,0.0,1.0,0.0
CH Gayle,5.0,8.0,0.0,0.0,2.0,0.0,0.0,0.0,1.0,3.0
CH Morris,22.0,66.0,2.0,0.0,6.0,0.0,0.0,0.0,11.0,0.0
CJ Anderson,0.0,10.0,0.0,0.0,1.0,0.0,0.0,0.0,3.0,0.0
CJ Jordan,6.0,23.0,1.0,0.0,0.0,0.0,0.0,0.0,6.0,0.0
CJ McKay,0.0,1.0,0.0,0.0,0.0,0.0,0.0,0.0,0.0,0.0
CK Langeveldt,1.0,11.0,0.0,0.0,1.0,0.0,0.0,0.0,0.0,0.0
CL White,0.0,1.0,0.0,0.0,0.0,0.0,0.0,0.0,0.0,0.0
CR Brathwaite,2.0,11.0,0.0,0.0,0.0,0.0,0.0,0.0,3.0,0.0
CR Woakes,5.0,23.0,1.0,0.0,1.0,0.0,0.0,0.0,1.0,0.0
CRD Fernando,2.0,13.0,1.0,0.0,1.0,0.0,0.0,0.0,2.0,0.0
CV Varun,18.0,50.0,3.0,0.0,9.0,0.0,0.0,0.0,2.0,3.0
D Brevis,0.0,0.0,0.0,0.0,1.0,0.0,0.0,0.0,0.0,0.0
D Jansen,0.0,1.0,0.0,0.0,0.0,0.0,0.0,0.0,0.0,0.0
D Kalyankrishna,0.0,2.0,0.0,0.0,0.0,0.0,0.0,0.0,0.0,0.0
D Pretorius,0.0,5.0,0.0,0.0,1.0,0.0,0.0,0.0,1.0,0.0
D Salunkhe,0.0,0.0,0.0,0.0,0.0,0.0,0.0,0.0,0.0,1.0
D Wiese,1.0,13.0,1.0,0.0,1.0,0.0,0.0,0.0,1.0,0.0
D du Preez,0.0,4.0,0.0,0.0,0.0,0.0,0.0,0.0,0.0,0.0
DAJ Bracewell,1.0,2.0,0.0,0.0,0.0,0.0,0.0,0.0,0.0,0.0
DB Ravi Teja,0.0,1.0,0.0,0.0,0.0,0.0,0.0,0.0,0.0,0.0
DE Bollinger,8.0,26.0,2.0,0.0,1.0,0.0,1.0,0.0,5.0,0.0
DG Nalkande,0.0,6.0,0.0,0.0,0.0,0.0,0.0,0.0,0.0,0.0
DJ Bravo,21.0,143.0,11.0,0.0,8.0,0.0,0.0,0.0,24.0,0.0
DJ Hooda,1.0,8.0,0.0,0.0,0.0,0.0,0.0,0.0,0.0,1.0
DJ Hussey,1.0,6.0,0.0,0.0,0.0,0.0,0.0,0.0,2.0,1.0
DJ Mitchell,0.0,1.0,0.0,0.0,0.0,0.0,0.0,0.0,0.0,0.0
DJ Muthuswami,0.0,3.0,0.0,0.0,1.0,0.0,0.0,0.0,0.0,0.0
DJ Thornely,0.0,2.0,1.0,0.0,0.0,0.0,0.0,0.0,0.0,0.0
DJ Willey,3.0,3.0,0.0,0.0,0.0,0.0,0.0,0.0,1.0,0.0
DJG Sammy,5.0,6.0,0.0,0.0,0.0,0.0,0.0,0.0,3.0,0.0
DJM Short,0.0,1.0,0.0,0.0,0.0,0.0,0.0,0.0,0.0,0.0
DL Chahar,13.0,53.0,2.0,0.0,9.0,0.0,0.0,0.0,2.0,0.0
DL Vettori,7.0,15.0,0.0,0.0,4.0,0.0,0.0,0.0,6.0,2.0
DNT Zoysa,0.0,1.0,1.0,0.0,0.0,0.0,0.0,0.0,0.0,0.0
DP Nannes,5.0,20.0,1.0,0.0,2.0,0.0,0.0,0.0,10.0,0.0
DP Vijaykumar,0.0,4.0,0.0,0.0,0.0,0.0,0.0,0.0,0.0,0.0
DR Sams,0.0,13.0,0.0,0.0,1.0,0.0,0.0,0.0,1.0,0.0
DR Smith,8.0,16.0,0.0,0.0,2.0,0.0,0.0,0.0,1.0,0.0
DS Kulkarni,12.0,68.0,4.0,0.0,2.0,0.0,0.0,0.0,5.0,0.0
DT Christian,8.0,25.0,2.0,0.0,3.0,0.0,0.0,0.0,2.0,0.0
DW Steyn,26.0,62.0,2.0,1.0,6.0,0.0,0.0,0.0,8.0,0.0
FA Allen,0.0,1.0,0.0,0.0,1.0,0.0,0.0,0.0,0.0,0.0
FH Edwards,1.0,3.0,0.0,0.0,1.0,0.0,0.0,0.0,1.0,0.0
FY Fazal,0.0,0.0,0.0,0.0,0.0,0.0,0.0,0.0,1.0,0.0
Fazalhaq Farooqi,3.0,3.0,0.0,0.0,0.0,0.0,0.0,0.0,0.0,0.0
G Coetzee,1.0,11.0,1.0,0.0,0.0,0.0,0.0,0.0,0.0,0.0
GB Hogg,5.0,11.0,0.0,0.0,2.0,0.0,0.0,0.0,2.0,5.0
GC Viljoen,1.0,5.0,0.0,0.0,1.0,0.0,0.0,0.0,1.0,0.0
GD McGrath,1.0,10.0,0.0,0.0,1.0,0.0,0.0,0.0,2.0,0.0
GD Phillips,0.0,2.0,0.0,0.0,0.0,0.0,0.0,0.0,0.0,0.0
GH Vihari,0.0,1.0,0.0,0.0,0.0,0.0,0.0,0.0,0.0,0.0
GHS Garton,0.0,3.0,0.0,0.0,0.0,0.0,0.0,0.0,0.0,0.0
GJ Maxwell,9.0,23.0,0.0,0.0,4.0,0.0,0.0,0.0,4.0,1.0
GR Napier,0.0,1.0,0.0,0.0,0.0,0.0,0.0,0.0,0.0,0.0
GS Sandhu,0.0,1.0,0.0,0.0,0.0,0.0,0.0,0.0,0.0,0.0
Gagandeep Singh,1.0,2.0,0.0,0.0,0.0,0.0,0.0,0.0,0.0,0.0
Gurkeerat Singh,1.0,4.0,0.0,0.0,0.0,0.0,0.0,0.0,0.0,0.0
HF Gurney,0.0,5.0,0.0,0.0,2.0,0.0,0.0,0.0,0.0,0.0
HH Pandya,7.0,49.0,7.0,0.0,1.0,0.0,0.0,0.0,6.0,0.0
HR Shokeen,0.0,5.0,0.0,0.0,0.0,0.0,0.0,0.0,0.0,0.0
HV Patel,17.0,107.0,2.0,0.0,9.0,0.0,0.0,0.0,16.0,0.0
Harbhajan Singh,29.0,83.0,11.0,1.0,8.0,0.0,0.0,0.0,11.0,18.0
Harmeet Singh,6.0,15.0,2.0,0.0,4.0,0.0,0.0,0.0,4.0,0.0
Harpreet Brar,8.0,14.0,0.0,0.0,2.0,0.0,0.0,0.0,0.0,1.0
Harshit Rana,2.0,20.0,1.0,0.0,2.0,0.0,0.0,0.0,2.0,0.0
I Sharma,21.0,66.0,0.0,0.0,5.0,0.0,0.0,0.0,4.0,0.0
I Udana,2.0,6.0,0.0,0.0,0.0,0.0,0.0,0.0,0.0,0.0
IC Pandey,4.0,14.0,0.0,0.0,0.0,0.0,0.0,0.0,1.0,0.0
IC Porel,0.0,1.0,0.0,0.0,0.0,0.0,0.0,0.0,0.0,0.0
IK Pathan,22.0,49.0,3.0,0.0,6.0,0.0,0.0,0.0,19.0,0.0
IS Sodhi,1.0,7.0,0.0,0.0,1.0,0.0,0.0,0.0,0.0,0.0
Imran Tahir,16.0,51.0,5.0,0.0,7.0,0.0,0.0,0.0,4.0,3.0
Iqbal Abdulla,5.0,24.0,2.0,0.0,6.0,0.0,0.0,0.0,5.0,3.0
J Botha,7.0,7.0,2.0,0.0,6.0,0.0,0.0,0.0,2.0,3.0
J Little,2.0,8.0,0.0,0.0,1.0,0.0,0.0,0.0,2.0,0.0
J Suchith,3.0,12.0,1.0,0.0,1.0,0.0,0.0,0.0,1.0,2.0
J Syed Mohammad,1.0,6.0,0.0,0.0,0.0,0.0,0.0,0.0,2.0,1.0
J Theron,5.0,5.0,0.0,0.0,1.0,0.0,0.0,0.0,2.0,0.0
J Yadav,2.0,4.0,2.0,0.0,0.0,0.0,0.0,0.0,1.0,0.0
JA Morkel,17.0,58.0,2.0,1.0,7.0,0.0,0.0,0.0,11.0,0.0
JA Richardson,2.0,1.0,0.0,0.0,0.0,0.0,0.0,0.0,0.0,0.0
JC Archer,11.0,32.0,3.0,0.0,2.0,0.0,0.0,0.0,1.0,0.0
JD Ryder,2.0,6.0,0.0,0.0,0.0,0.0,0.0,0.0,3.0,0.0
JD Unadkat,15.0,77.0,6.0,0.0,1.0,0.0,1.0,0.0,9.0,0.0
JDP Oram,0.0,8.0,1.0,0.0,0.0,0.0,0.0,0.0,4.0,0.0
JDS Neesham,1.0,7.0,0.0,0.0,0.0,0.0,0.0,0.0,0.0,0.0
JE Taylor,0.0,6.0,0.0,0.0,0.0,0.0,0.0,0.0,0.0,0.0
JEC Franklin,1.0,8.0,0.0,0.0,0.0,0.0,0.0,0.0,0.0,0.0
JH Kallis,18.0,40.0,1.0,0.0,6.0,0.0,0.0,0.0,9.0,0.0
JJ Bumrah,39.0,108.0,4.0,0.0,17.0,0.0,0.0,0.0,14.0,0.0
JJ van der Wath,0.0,3.0,0.0,0.0,0.0,0.0,0.0,0.0,0.0,0.0
JL Pattinson,1.0,8.0,0.0,0.0,2.0,0.0,0.0,0.0,0.0,0.0
JM Kemp,0.0,2.0,0.0,0.0,1.0,0.0,0.0,0.0,0.0,0.0
JO Holder,6.0,45.0,0.0,0.0,2.0,0.0,0.0,0.0,6.0,0.0
JP Behrendorff,2.0,17.0,0.0,0.0,0.0,0.0,0.0,0.0,3.0,0.0
JP Duminy,5.0,13.0,2.0,0.0,2.0,0.0,0.0,0.0,0.0,1.0
JP Faulkner,18.0,41.0,0.0,0.0,2.0,0.0,0.0,0.0,15.0,0.0
JPR Scantlebury-Searles,0.0,2.0,0.0,0.0,0.0,0.0,0.0,0.0,0.0,0.0
JR Hazlewood,1.0,31.0,1.0,0.0,2.0,0.0,0.0,0.0,1.0,0.0
JR Hopes,1.0,11.0,1.0,0.0,1.0,0.0,0.0,0.0,0.0,0.0
JW Hastings,1.0,2.0,0.0,0.0,0.0,0.0,0.0,0.0,0.0,0.0
Jaskaran Singh,0.0,5.0,0.0,0.0,1.0,0.0,0.0,0.0,0.0,0.0
Joginder Sharma,3.0,8.0,0.0,0.0,1.0,0.0,0.0,0.0,1.0,0.0
K Gowtham,5.0,13.0,1.0,0.0,0.0,0.0,0.0,0.0,1.0,2.0
K Kartikeya,5.0,4.0,0.0,0.0,1.0,0.0,0.0,0.0,0.0,0.0
K Khejroliya,1.0,3.0,0.0,0.0,1.0,0.0,0.0,0.0,0.0,0.0
K Rabada,17.0,97.0,4.0,0.0,2.0,0.0,0.0,0.0,6.0,0.0
K Santokie,0.0,3.0,0.0,0.0,0.0,0.0,0.0,0.0,0.0,0.0
K Yadav,0.0,2.0,0.0,0.0,0.0,0.0,0.0,0.0,0.0,0.0
KA Jamieson,1.0,8.0,0.0,0.0,0.0,0.0,0.0,0.0,0.0,0.0
KA Maharaj,0.0,2.0,0.0,0.0,0.0,0.0,0.0,0.0,0.0,0.0
KA Pollard,5.0,53.0,6.0,1.0,3.0,0.0,0.0,0.0,12.0,1.0
KC Cariappa,1.0,3.0,1.0,0.0,1.0,0.0,0.0,0.0,0.0,2.0
KH Pandya,11.0,45.0,5.0,1.0,8.0,0.0,0.0,0.0,4.0,6.0
KJ Abbott,1.0,1.0,0.0,0.0,0.0,0.0,0.0,0.0,0.0,0.0
KK Ahmed,5.0,66.0,0.0,0.0,3.0,1.0,0.0,0.0,3.0,0.0
KK Cooper,10.0,20.0,1.0,0.0,2.0,0.0,0.0,0.0,3.0,0.0
KL Nagarkoti,0.0,5.0,0.0,0.0,0.0,0.0,0.0,0.0,0.0,0.0
KM Asif,0.0,7.0,0.0,0.0,0.0,0.0,0.0,0.0,0.0,0.0
KMA Paul,0.0,9.0,0.0,0.0,0.0,0.0,0.0,0.0,1.0,0.0
KMDN Kulasekara,1.0,3.0,1.0,0.0,0.0,0.0,0.0,0.0,1.0,0.0
KP Appanna,1.0,5.0,0.0,0.0,1.0,0.0,0.0,0.0,2.0,2.0
KP Pietersen,1.0,5.0,0.0,0.0,1.0,0.0,0.0,0.0,2.0,0.0
KR Sen,4.0,8.0,1.0,0.0,1.0,0.0,0.0,0.0,0.0,0.0
KT Maphaka,0.0,1.0,0.0,0.0,0.0,0.0,0.0,0.0,0.0,0.0
KV Sharma,10.0,51.0,3.0,0.0,6.0,0.0,1.0,0.0,5.0,6.0
KW Richardson,2.0,15.0,1.0,0.0,1.0,0.0,1.0,0.0,1.0,0.0
Kamran Khan,4.0,6.0,0.0,0.0,0.0,0.0,0.0,0.0,4.0,0.0
Karanveer Singh,1.0,10.0,0.0,0.0,0.0,0.0,0.0,0.0,2.0,1.0
Kartik Tyagi,1.0,14.0,0.0,0.0,0.0,0.0,0.0,0.0,1.0,0.0
Kuldeep Yadav,9.0,51.0,7.0,0.0,9.0,0.0,0.0,0.0,3.0,11.0
L Ablish,2.0,1.0,0.0,0.0,0.0,0.0,0.0,0.0,2.0,0.0
L Balaji,19.0,54.0,2.0,0.0,1.0,0.0,0.0,0.0,9.0,0.0
L Ngidi,4.0,19.0,1.0,0.0,1.0,0.0,0.0,0.0,3.0,0.0
L Wood,0.0,1.0,0.0,0.0,0.0,0.0,0.0,0.0,0.0,0.0
LA Carseldine,0.0,1.0,0.0,0.0,0.0,0.0,0.0,0.0,0.0,0.0
LB Williams,0.0,1.0,0.0,0.0,0.0,0.0,0.0,0.0,0.0,0.0
LE Plunkett,1.0,3.0,0.0,0.0,0.0,0.0,0.0,0.0,0.0,0.0
LH Ferguson,10.0,36.0,0.0,0.0,2.0,0.0,0.0,0.0,9.0,0.0
LI Meriwala,0.0,1.0,0.0,0.0,0.0,0.0,0.0,0.0,0.0,0.0
LJ Wright,0.0,2.0,0.0,0.0,0.0,0.0,0.0,0.0,0.0,0.0
LMP Simmons,1.0,0.0,0.0,0.0,0.0,0.0,0.0,0.0,0.0,0.0
LR Shukla,5.0,7.0,1.0,0.0,2.0,0.0,0.0,0.0,2.0,0.0
LS Livingstone,2.0,6.0,2.0,0.0,0.0,0.0,0.0,0.0,0.0,1.0
Lalit Yadav,3.0,6.0,1.0,0.0,0.0,0.0,0.0,0.0,1.0,0.0
M Ashwin,8.0,22.0,1.0,0.0,3.0,0.0,0.0,0.0,0.0,1.0
M Jansen,2.0,17.0,0.0,0.0,1.0,0.0,0.0,0.0,2.0,0.0
M Kartik,4.0,18.0,2.0,0.0,3.0,0.0,0.0,0.0,8.0,4.0
M Markande,9.0,18.0,1.0,0.0,6.0,0.0,0.0,0.0,0.0,3.0
M Morkel,17.0,58.0,0.0,0.0,2.0,0.0,0.0,0.0,11.0,0.0
M Muralitharan,13.0,35.0,1.0,0.0,9.0,0.0,0.0,0.0,3.0,6.0
M Ntini,4.0,3.0,0.0,0.0,0.0,0.0,0.0,0.0,1.0,0.0
M Pathirana,8.0,23.0,0.0,0.0,3.0,0.0,0.0,0.0,4.0,0.0
M Prasidh Krishna,7.0,39.0,0.0,0.0,4.0,0.0,0.0,0.0,4.0,0.0
M Siddharth,0.0,1.0,0.0,0.0,0.0,0.0,0.0,0.0,0.0,0.0
M Theekshana,8.0,14.0,0.0,0.0,3.0,0.0,0.0,0.0,0.0,0.0
M de Lange,2.0,3.0,0.0,0.0,0.0,0.0,0.0,0.0,1.0,0.0
MA Khote,0.0,2.0,0.0,0.0,0.0,0.0,0.0,0.0,0.0,0.0
MA Starc,22.0,26.0,1.0,0.0,2.0,0.0,0.0,0.0,8.0,0.0
MA Wood,3.0,8.0,0.0,0.0,0.0,0.0,0.0,0.0,0.0,0.0
MC Henriques,5.0,35.0,1.0,0.0,1.0,0.0,0.0,0.0,4.0,0.0
MF Maharoof,5.0,20.0,0.0,0.0,2.0,0.0,0.0,0.0,6.0,0.0
MG Bracewell,0.0,6.0,0.0,0.0,0.0,0.0,0.0,0.0,0.0,0.0
MG Johnson,12.0,49.0,0.0,0.0,1.0,0.0,0.0,0.0,4.0,0.0
MJ Clarke,1.0,1.0,0.0,0.0,0.0,0.0,0.0,0.0,1.0,0.0
MJ Henry,0.0,2.0,0.0,0.0,0.0,0.0,0.0,0.0,1.0,0.0
MJ McClenaghan,9.0,58.0,0.0,1.0,3.0,0.0,0.0,0.0,4.0,0.0
MJ Santner,0.0,13.0,1.0,0.0,1.0,0.0,0.0,0.0,1.0,0.0
MK Lomror,0.0,0.0,0.0,0.0,0.0,0.0,0.0,0.0,1.0,1.0
MK Tiwary,0.0,1.0,0.0,0.0,0.0,0.0,0.0,0.0,0.0,0.0
MM Ali,8.0,18.0,2.0,0.0,7.0,0.0,0.0,0.0,5.0,0.0
MM Patel,12.0,54.0,3.0,0.0,4.0,0.0,0.0,0.0,8.0,1.0
MM Sharma,22.0,102.0,4.0,0.0,4.0,0.0,0.0,0.0,15.0,0.0
MN Samuels,2.0,7.0,0.0,0.0,0.0,0.0,0.0,0.0,1.0,0.0
MP Stoinis,6.0,37.0,0.0,0.0,0.0,0.0,0.0,0.0,2.0,0.0
MP Yadav,2.0,5.0,0.0,0.0,0.0,0.0,0.0,0.0,1.0,0.0
MR Marsh,2.0,33.0,0.0,0.0,2.0,0.0,0.0,0.0,0.0,0.0
MS Gony,12.0,22.0,2.0,0.0,1.0,0.0,0.0,0.0,2.0,0.0
Mashrafe Mortaza,0.0,0.0,0.0,0.0,0.0,0.0,0.0,0.0,1.0,0.0
Mayank Dagar,1.0,1.0,0.0,0.0,0.0,0.0,0.0,0.0,0.0,0.0
Mohammad Asif,2.0,5.0,1.0,0.0,0.0,0.0,0.0,0.0,1.0,0.0
Mohammad Hafeez,1.0,0.0,0.0,0.0,0.0,0.0,0.0,0.0,0.0,1.0
Mohammad Nabi,3.0,11.0,0.0,0.0,0.0,0.0,0.0,0.0,0.0,1.0
Mohammed Shami,30.0,85.0,2.0,0.0,10.0,0.0,0.0,0.0,17.0,0.0
Mohammed Siraj,19.0,65.0,1.0,0.0,8.0,0.0,1.0,0.0,2.0,0.0
Mohsin Khan,3.0,24.0,0.0,0.0,0.0,0.0,0.0,0.0,0.0,0.0
Mujeeb Ur Rahman,4.0,13.0,0.0,0.0,1.0,0.0,0.0,0.0,1.0,1.0
Mukesh Choudhary,3.0,11.0,0.0,0.0,2.0,0.0,0.0,0.0,0.0,0.0
Mukesh Kumar,5.0,16.0,2.0,0.0,1.0,0.0,0.0,1.0,6.0,0.0
Mustafizur Rahman,11.0,47.0,2.0,0.0,1.0,0.0,0.0,0.0,9.0,0.0
N Burger,2.0,5.0,0.0,0.0,0.0,0.0,0.0,0.0,0.0,0.0
N Rana,3.0,5.0,0.0,0.0,1.0,0.0,0.0,0.0,0.0,1.0
N Thushara,0.0,6.0,0.0,0.0,2.0,0.0,0.0,0.0,0.0,0.0
NB Singh,0.0,1.0,0.0,0.0,0.0,0.0,0.0,0.0,0.0,0.0
ND Doshi,1.0,1.0,0.0,0.0,0.0,0.0,0.0,0.0,0.0,0.0
NLTC Perera,6.0,24.0,0.0,0.0,1.0,0.0,0.0,0.0,6.0,0.0
NM Coulter-Nile,8.0,34.0,2.0,1.0,3.0,0.0,0.0,0.0,4.0,0.0
NT Ellis,3.0,13.0,1.0,0.0,1.0,0.0,0.0,0.0,1.0,0.0
Navdeep Saini,4.0,20.0,0.0,0.0,0.0,0.0,0.0,0.0,2.0,0.0
Naveen-ul-Haq,4.0,20.0,0.0,0.0,1.0,0.0,0.0,0.0,1.0,0.0
Nithish Kumar Reddy,0.0,3.0,0.0,0.0,0.0,0.0,0.0,0.0,1.0,0.0
Noor Ahmad,5.0,14.0,1.0,0.0,2.0,0.0,0.0,0.0,0.0,2.0
O Thomas,0.0,5.0,0.0,0.0,0.0,0.0,0.0,0.0,0.0,0.0
OC McCoy,3.0,8.0,0.0,0.0,0.0,0.0,0.0,0.0,0.0,0.0
OF Smith,0.0,6.0,0.0,0.0,0.0,0.0,0.0,0.0,1.0,0.0
P Amarnath,1.0,6.0,0.0,0.0,0.0,0.0,0.0,0.0,0.0,0.0
P Awana,7.0,31.0,0.0,0.0,1.0,0.0,0.0,0.0,4.0,0.0
P Dubey,0.0,1.0,0.0,0.0,0.0,0.0,0.0,0.0,0.0,0.0
P Kumar,14.0,70.0,1.0,0.0,5.0,0.0,0.0,0.0,12.0,0.0
P Negi,5.0,22.0,2.0,0.0,0.0,0.0,1.0,0.0,3.0,5.0
P Parameswaran,1.0,7.0,1.0,0.0,0.0,0.0,0.0,0.0,0.0,0.0
P Sahu,0.0,1.0,0.0,0.0,1.0,0.0,0.0,0.0,0.0,1.0
P Suyal,0.0,2.0,0.0,0.0,0.0,0.0,0.0,0.0,0.0,0.0
PC Valthaty,1.0,5.0,0.0,0.0,1.0,0.0,0.0,0.0,0.0,0.0
PD Collingwood,1.0,3.0,1.0,0.0,0.0,0.0,0.0,0.0,0.0,0.0
PH Solanki,0.0,2.0,0.0,0.0,0.0,0.0,0.0,0.0,0.0,0.0
PJ Cummins,14.0,46.0,0.0,0.0,3.0,0.0,0.0,0.0,3.0,0.0
PJ Sangwan,5.0,32.0,0.0,0.0,1.0,0.0,0.0,0.0,6.0,0.0
PM Sarvesh Kumar,0.0,1.0,0.0,0.0,0.0,0.0,0.0,0.0,0.0,0.0
PP Chawla,50.0,95.0,7.0,0.0,21.0,0.0,0.0,0.0,9.0,19.0
PP Ojha,15.0,57.0,0.0,0.0,5.0,0.0,0.0,0.0,10.0,12.0
PV Tambe,3.0,14.0,3.0,0.0,5.0,0.0,0.0,0.0,0.0,3.0
PVD Chameera,1.0,8.0,0.0,0.0,0.0,0.0,0.0,0.0,2.0,0.0
PWH de Silva,6.0,17.0,2.0,0.0,6.0,0.0,0.0,0.0,1.0,4.0
Pankaj Singh,2.0,9.0,0.0,0.0,0.0,0.0,0.0,0.0,0.0,0.0
Parvez Rasool,1.0,3.0,0.0,0.0,0.0,0.0,0.0,0.0,0.0,0.0
R Ashwin,29.0,117.0,6.0,0.0,19.0,0.0,1.0,0.0,17.0,9.0
R Bhatia,19.0,44.0,2.0,0.0,6.0,0.0,0.0,0.0,11.0,0.0
R Dhawan,5.0,17.0,0.0,0.0,3.0,0.0,0.0,0.0,2.0,0.0
R McLaren,4.0,8.0,0.0,0.0,0.0,0.0,0.0,0.0,2.0,0.0
R Ninan,0.0,3.0,0.0,0.0,0.0,0.0,0.0,0.0,0.0,0.0
R Parag,0.0,4.0,0.0,0.0,0.0,0.0,0.0,0.0,1.0,0.0
R Powell,1.0,0.0,0.0,0.0,0.0,0.0,0.0,0.0,0.0,0.0
R Rampaul,1.0,14.0,0.0,0.0,1.0,0.0,0.0,0.0,1.0,0.0
R Sai Kishore,1.0,8.0,1.0,0.0,1.0,0.0,0.0,0.0,0.0,2.0
R Sathish,1.0,1.0,1.0,0.0,0.0,0.0,0.0,0.0,3.0,0.0
R Sharma,8.0,20.0,2.0,0.0,8.0,0.0,0.0,0.0,2.0,2.0
R Shepherd,0.0,4.0,0.0,0.0,0.0,0.0,0.0,0.0,2.0,0.0
R Shukla,3.0,2.0,0.0,0.0,0.0,0.0,0.0,0.0,2.0,0.0
R Tewatia,2.0,22.0,0.0,0.0,2.0,0.0,1.0,0.0,3.0,6.0
R Vinay Kumar,13.0,82.0,4.0,0.0,6.0,0.0,0.0,0.0,22.0,0.0
RA Jadeja,39.0,88.0,7.0,0.0,15.0,0.0,0.0,0.0,9.0,11.0
RD Chahar,9.0,47.0,4.0,0.0,6.0,0.0,0.0,0.0,1.0,9.0
RE van der Merwe,5.0,9.0,2.0,0.0,4.0,0.0,0.0,0.0,4.0,1.0
RG More,0.0,1.0,0.0,0.0,0.0,0.0,0.0,0.0,0.0,0.0
RG Sharma,5.0,8.0,1.0,0.0,0.0,0.0,0.0,0.0,1.0,1.0
RJ Gleeson,0.0,1.0,0.0,0.0,0.0,0.0,0.0,0.0,0.0,0.0
RJ Harris,8.0,31.0,2.0,0.0,4.0,0.0,0.0,0.0,2.0,0.0
RJ Peterson,0.0,3.0,0.0,0.0,0.0,0.0,0.0,0.0,0.0,0.0
RJW Topley,1.0,4.0,0.0,0.0,0.0,0.0,0.0,0.0,0.0,0.0
RN ten Doeschate,0.0,1.0,1.0,0.0,0.0,0.0,0.0,0.0,1.0,0.0
RP Meredith,2.0,17.0,0.0,0.0,0.0,0.0,0.0,0.0,2.0,0.0
RP Singh,25.0,58.0,2.0,0.0,5.0,0.0,0.0,0.0,10.0,0.0
RR Powar,5.0,6.0,0.0,0.0,0.0,0.0,0.0,0.0,2.0,2.0
RR Raje,2.0,4.0,0.0,0.0,0.0,0.0,0.0,0.0,1.0,0.0
RS Bopara,2.0,6.0,3.0,0.0,0.0,0.0,0.0,0.0,2.0,0.0
RS Hangargekar,0.0,3.0,0.0,0.0,0.0,0.0,0.0,0.0,0.0,0.0
RV Gomez,2.0,2.0,0.0,0.0,1.0,0.0,0.0,0.0,1.0,0.0
Ramandeep Singh,0.0,5.0,1.0,0.0,0.0,0.0,0.0,0.0,0.0,0.0
Rashid Khan,38.0,68.0,2.0,0.0,35.0,0.0,0.0,0.0,8.0,6.0
Rasikh Salam,2.0,7.0,0.0,0.0,0.0,0.0,0.0,0.0,0.0,0.0
Ravi Bishnoi,13.0,37.0,2.0,0.0,6.0,0.0,0.0,0.0,5.0,5.0
S Aravind,8.0,32.0,3.0,0.0,2.0,0.0,0.0,0.0,3.0,0.0
S Badree,3.0,6.0,0.0,0.0,2.0,0.0,0.0,0.0,0.0,0.0
S Dhawan,1.0,3.0,0.0,0.0,0.0,0.0,0.0,0.0,0.0,0.0
S Dube,1.0,4.0,0.0,0.0,0.0,0.0,0.0,0.0,1.0,0.0
S Gopal,5.0,31.0,7.0,0.0,3.0,0.0,0.0,0.0,1.0,6.0
S Kaul,12.0,44.0,0.0,0.0,2.0,0.0,0.0,0.0,5.0,0.0
S Kaushik,0.0,6.0,0.0,0.0,0.0,0.0,0.0,0.0,0.0,0.0
S Ladda,1.0,2.0,0.0,0.0,0.0,0.0,0.0,0.0,0.0,2.0
S Lamichhane,0.0,7.0,1.0,0.0,3.0,0.0,0.0,0.0,1.0,2.0
S Nadeem,9.0,26.0,5.0,0.0,4.0,0.0,0.0,0.0,6.0,4.0
S Narwal,1.0,4.0,0.0,0.0,0.0,0.0,0.0,0.0,1.0,0.0
S Randiv,0.0,4.0,0.0,0.0,0.0,0.0,0.0,0.0,2.0,2.0
S Sandeep Warrier,1.0,7.0,0.0,0.0,0.0,0.0,0.0,0.0,0.0,0.0
S Sreesanth,7.0,27.0,0.0,2.0,4.0,0.0,1.0,0.0,2.0,0.0
S Tyagi,2.0,4.0,0.0,0.0,0.0,0.0,0.0,0.0,0.0,0.0
S Vidyut,0.0,1.0,0.0,0.0,0.0,0.0,0.0,0.0,0.0,0.0
SA Abbott,0.0,0.0,1.0,0.0,0.0,0.0,0.0,0.0,0.0,0.0
SB Bangar,1.0,3.0,0.0,0.0,0.0,0.0,0.0,0.0,2.0,0.0
SB Jakati,10.0,26.0,2.0,0.0,2.0,0.0,0.0,0.0,3.0,7.0
SB Joshi,0.0,1.0,0.0,0.0,0.0,0.0,0.0,0.0,0.0,0.0
SB Styris,0.0,8.0,0.0,0.0,0.0,0.0,0.0,0.0,1.0,0.0
SB Wagh,0.0,5.0,0.0,0.0,0.0,0.0,0.0,0.0,0.0,0.0
SC Ganguly,4.0,6.0,0.0,0.0,0.0,0.0,0.0,0.0,2.0,0.0
SC Kuggeleijn,0.0,2.0,0.0,0.0,0.0,0.0,0.0,0.0,0.0,0.0
SD Chitnis,0.0,2.0,0.0,0.0,0.0,0.0,0.0,0.0,0.0,0.0
SE Bond,1.0,6.0,1.0,0.0,1.0,0.0,0.0,0.0,0.0,0.0
SE Rutherford,0.0,1.0,0.0,0.0,0.0,0.0,0.0,0.0,0.0,0.0
SH Johnson,0.0,3.0,1.0,0.0,0.0,0.0,0.0,0.0,0.0,0.0
SJ Srivastava,1.0,12.0,1.0,0.0,0.0,0.0,0.0,0.0,1.0,0.0
SK Raina,1.0,15.0,3.0,0.0,4.0,0.0,0.0,0.0,5.0,2.0
SK Trivedi,15.0,46.0,2.0,0.0,2.0,0.0,0.0,0.0,8.0,0.0
SK Warne,6.0,32.0,5.0,0.0,6.0,0.0,0.0,0.0,3.0,8.0
SL Malinga,63.0,90.0,6.0,0.0,11.0,0.0,0.0,0.0,18.0,0.0
SM Boland,0.0,2.0,0.0,0.0,0.0,0.0,0.0,0.0,1.0,0.0
SM Curran,9.0,45.0,1.0,0.0,3.0,0.0,0.0,0.0,4.0,0.0
SM Harwood,0.0,3.0,0.0,0.0,0.0,0.0,0.0,0.0,0.0,0.0
SM Pollock,0.0,9.0,0.0,0.0,1.0,0.0,0.0,0.0,2.0,1.0
SMSM Senanayake,4.0,1.0,0.0,0.0,3.0,0.0,0.0,0.0,0.0,1.0
SN Thakur,8.0,79.0,3.0,1.0,3.0,0.0,0.0,0.0,6.0,0.0
SP Narine,50.0,85.0,9.0,0.0,25.0,0.0,0.0,0.0,20.0,11.0
SR Watson,16.0,71.0,2.0,0.0,2.0,0.0,0.0,0.0,15.0,1.0
SS Agarwal,0.0,0.0,1.0,0.0,0.0,0.0,0.0,0.0,0.0,0.0
SS Cottrell,1.0,5.0,0.0,0.0,0.0,0.0,0.0,0.0,0.0,0.0
SS Mundhe,0.0,1.0,0.0,0.0,0.0,0.0,0.0,0.0,0.0,0.0
SS Sarkar,1.0,0.0,0.0,0.0,0.0,0.0,0.0,0.0,0.0,0.0
SSB Magala,0.0,1.0,0.0,0.0,0.0,0.0,0.0,0.0,0.0,0.0
ST Jayasuriya,2.0,10.0,0.0,0.0,0.0,0.0,0.0,0.0,3.0,1.0
STR Binny,5.0,15.0,0.0,0.0,2.0,0.0,1.0,0.0,5.0,0.0
SW Tait,5.0,17.0,1.0,0.0,0.0,0.0,1.0,0.0,2.0,0.0
Sachin Baby,0.0,2.0,0.0,0.0,0.0,0.0,0.0,0.0,1.0,0.0
Sandeep Sharma,28.0,89.0,4.0,0.0,15.0,0.0,0.0,0.0,16.0,1.0
Shahbaz Ahmed,1.0,17.0,1.0,0.0,2.0,0.0,0.0,0.0,0.0,0.0
Shahid Afridi,1.0,6.0,0.0,0.0,2.0,0.0,0.0,0.0,0.0,0.0
Shakib Al Hasan,13.0,35.0,2.0,0.0,4.0,0.0,0.0,0.0,8.0,9.0
Shashank Singh,0.0,1.0,0.0,0.0,0.0,0.0,0.0,0.0,0.0,0.0
Shivam Mavi,6.0,23.0,1.0,0.0,0.0,0.0,0.0,0.0,3.0,0.0
Shivam Sharma,2.0,2.0,0.0,0.0,0.0,0.0,0.0,0.0,0.0,0.0
Shoaib Ahmed,1.0,3.0,0.0,0.0,1.0,0.0,0.0,0.0,0.0,0.0
Shoaib Akhtar,0.0,4.0,0.0,0.0,1.0,0.0,0.0,0.0,0.0,0.0
Shoaib Malik,0.0,1.0,1.0,0.0,0.0,0.0,0.0,0.0,0.0,0.0
Sikandar Raza,0.0,1.0,0.0,0.0,1.0,0.0,0.0,0.0,0.0,1.0
Simarjeet Singh,0.0,9.0,0.0,0.0,0.0,0.0,0.0,0.0,1.0,0.0
Sohail Tanvir,8.0,11.0,0.0,0.0,3.0,0.0,0.0,0.0,2.0,0.0
Suyash Sharma,3.0,6.0,0.0,0.0,1.0,0.0,0.0,0.0,1.0,0.0
Swapnil Singh,0.0,4.0,1.0,0.0,2.0,0.0,0.0,0.0,0.0,0.0
T Henderson,0.0,1.0,0.0,0.0,0.0,0.0,0.0,0.0,0.0,0.0
T Natarajan,16.0,45.0,1.0,0.0,5.0,0.0,0.0,0.0,9.0,0.0
T Shamsi,0.0,1.0,1.0,0.0,0.0,0.0,0.0,0.0,0.0,1.0
T Stubbs,0.0,2.0,0.0,0.0,0.0,0.0,0.0,0.0,0.0,2.0
T Thushara,1.0,7.0,0.0,0.0,0.0,0.0,0.0,0.0,2.0,0.0
TA Boult,23.0,83.0,3.0,0.0,12.0,0.0,0.0,0.0,7.0,0.0
TG Southee,6.0,35.0,2.0,0.0,4.0,0.0,0.0,0.0,10.0,0.0
TK Curran,1.0,12.0,0.0,0.0,0.0,0.0,0.0,0.0,0.0,0.0
TL Suman,0.0,6.0,0.0,0.0,0.0,0.0,0.0,0.0,1.0,0.0
TM Dilshan,1.0,3.0,0.0,0.0,0.0,0.0,0.0,0.0,0.0,1.0
TM Head,0.0,1.0,0.0,0.0,0.0,0.0,0.0,0.0,1.0,1.0
TP Sudhindra,0.0,1.0,0.0,0.0,0.0,0.0,0.0,0.0,0.0,0.0
TS Mills,2.0,8.0,0.0,0.0,1.0,0.0,0.0,0.0,0.0,0.0
TU Deshpande,5.0,36.0,0.0,0.0,1.0,0.0,0.0,0.0,4.0,0.0
UT Yadav,24.0,108.0,2.0,0.0,10.0,0.0,0.0,0.0,19.0,0.0
Umar Gul,4.0,5.0,0.0,0.0,3.0,0.0,0.0,0.0,2.0,0.0
Umran Malik,10.0,16.0,2.0,0.0,1.0,0.0,0.0,0.0,2.0,0.0
V Kaverappa,0.0,2.0,0.0,0.0,0.0,0.0,0.0,0.0,0.0,0.0
V Kohli,1.0,3.0,0.0,0.0,0.0,0.0,0.0,0.0,1.0,0.0
V Pratap Singh,2.0,8.0,0.0,0.0,0.0,0.0,0.0,0.0,2.0,0.0
V Sehwag,2.0,3.0,0.0,0.0,0.0,0.0,0.0,0.0,0.0,1.0
V Shankar,1.0,7.0,1.0,0.0,0.0,0.0,0.0,0.0,3.0,0.0
V Viyaskanth,0.0,1.0,0.0,0.0,0.0,0.0,0.0,0.0,0.0,0.0
VG Arora,3.0,16.0,0.0,0.0,0.0,0.0,0.0,0.0,1.0,0.0
VR Aaron,6.0,37.0,0.0,0.0,1.0,0.0,0.0,0.0,2.0,0.0
VR Iyer,0.0,3.0,0.0,0.0,0.0,0.0,0.0,0.0,0.0,0.0
VRV Singh,4.0,8.0,0.0,0.0,0.0,0.0,0.0,0.0,4.0,0.0
VS Malik,0.0,5.0,0.0,0.0,1.0,0.0,0.0,0.0,0.0,0.0
VY Mahesh,5.0,16.0,0.0,0.0,0.0,0.0,0.0,0.0,1.0,0.0
Vijaykumar Vyshak,1.0,12.0,0.0,0.0,0.0,0.0,0.0,0.0,4.0,0.0
WA Mota,0.0,4.0,0.0,0.0,0.0,0.0,0.0,0.0,0.0,0.0
WD Parnell,5.0,26.0,0.0,1.0,3.0,1.0,0.0,0.0,4.0,0.0
WG Jacks,0.0,2.0,0.0,0.0,0.0,0.0,0.0,0.0,0.0,0.0
WPUJC Vaas,3.0,12.0,0.0,0.0,2.0,0.0,0.0,0.0,4.0,1.0
Washington Sundar,3.0,27.0,1.0,1.0,3.0,0.0,0.0,0.0,2.0,2.0
Y Nagar,0.0,3.0,1.0,0.0,0.0,0.0,0.0,0.0,0.0,0.0
Y Prithvi Raj,1.0,0.0,0.0,0.0,0.0,0.0,0.0,0.0,0.0,0.0
Y Venugopal Rao,1.0,4.0,0.0,0.0,1.0,0.0,0.0,0.0,1.0,0.0
YA Abdulla,4.0,10.0,0.0,0.0,1.0,0.0,0.0,0.0,0.0,0.0
YK Pathan,10.0,21.0,2.0,0.0,5.0,0.0,0.0,0.0,4.0,4.0
YS Chahal,36.0,127.0,4.0,0.0,18.0,0.0,0.0,0.0,8.0,20.0
Yash Dayal,2.0,26.0,0.0,0.0,0.0,0.0,0.0,0.0,3.0,0.0
Yash Thakur,4.0,20.0,0.0,0.0,0.0,0.0,0.0,0.0,3.0,0.0
Yudhvir Singh,1.0,3.0,0.0,0.0,0.0,0.0,0.0,0.0,0.0,0.0
Yuvraj Singh,9.0,19.0,2.0,0.0,2.0,0.0,0.0,0.0,3.0,4.0
Z Khan,22.0,70.0,1.0,0.0,9.0,0.0,1.0,0.0,16.0,0.0
